Age,Attrition,BusinessTravel,DailyRate,Department,DistanceFromHome,Education,EducationField,EmployeeCount,EmployeeNumber,EnvironmentSatisfaction,Gender,HourlyRate,JobInvolvement,JobLevel,JobRole,JobSatisfaction,MaritalStatus,MonthlyIncome,MonthlyRate,NumCompaniesWorked,Over18,OverTime,PercentSalaryHike,PerformanceRating,RelationshipSatisfaction,StandardHours,StockOptionLevel,TotalWorkingYears,TrainingTimesLastYear,WorkLifeBalance,YearsAtCompany,YearsInCurrentRole,YearsSinceLastPromotion,YearsWithCurrManager,Attrition_Encoded
38,No,Travel_Rarely,1245,Sales,14,3,Life Sciences,1,1582,3,Male,80,3,2,Sales Executive,2,Married,9924,12355,0,Y,No,11,3,4,80,1,10,3,3,9,8,7,7,0
56,Yes,Travel_Rarely,1162,Research & Development,24,2,Life Sciences,1,1907,1,Male,97,3,1,Laboratory Technician,4,Single,2587,10261,1,Y,No,16,3,4,80,0,5,3,3,4,2,1,0,1
30,No,Travel_Rarely,1275,Research & Development,28,2,Medical,1,441,4,Female,64,3,2,Research Scientist,4,Married,5775,11934,1,Y,No,13,3,4,80,2,11,2,3,10,8,1,9,0
48,No,Travel_Rarely,1469,Research & Development,20,4,Medical,1,945,4,Male,51,3,1,Research Scientist,3,Married,2259,5543,4,Y,No,17,3,1,80,2,13,2,2,0,0,0,0,0
35,No,Travel_Frequently,1199,Research & Development,18,4,Life Sciences,1,2049,3,Male,80,3,2,Healthcare Representative,3,Married,5689,24594,1,Y,Yes,14,3,4,80,2,10,2,4,10,2,0,2,0
38,No,Travel_Rarely,688,Research & Development,23,4,Life Sciences,1,393,4,Male,82,3,2,Healthcare Representative,4,Divorced,5745,18899,9,Y,No,14,3,2,80,1,10,2,3,2,2,1,2,0
40,No,Travel_Rarely,107,Sales,10,3,Technical Degree,1,1239,2,Female,84,2,2,Sales Executive,2,Divorced,6852,11591,7,Y,No,12,3,2,80,1,7,2,4,5,1,1,3,0
39,No,Travel_Rarely,867,Research & Development,9,2,Medical,1,1936,1,Male,87,3,2,Manufacturing Director,1,Married,5151,12315,1,Y,No,25,4,4,80,1,10,3,3,10,0,7,9,0
23,Yes,Travel_Frequently,638,Sales,9,3,Marketing,1,2023,4,Male,33,3,1,Sales Representative,1,Married,1790,26956,1,Y,No,19,3,1,80,1,1,3,2,1,0,1,0,1
60,No,Travel_Frequently,1499,Sales,28,3,Marketing,1,573,3,Female,80,2,3,Sales Executive,1,Married,10266,2845,4,Y,No,19,3,4,80,0,22,5,4,18,13,13,11,0
46,Yes,Travel_Rarely,1254,Sales,10,3,Life Sciences,1,1869,3,Female,64,3,3,Sales Executive,2,Married,7314,14011,5,Y,No,21,4,3,80,3,14,2,3,8,7,0,7,1
38,No,Travel_Rarely,437,Sales,16,3,Life Sciences,1,1583,2,Female,90,3,2,Sales Executive,2,Single,4198,16379,2,Y,No,12,3,2,80,0,8,5,4,3,2,1,2,0
40,No,Travel_Rarely,896,Research & Development,2,3,Medical,1,1474,3,Male,68,3,1,Research Scientist,3,Divorced,2345,8045,2,Y,No,14,3,3,80,1,8,3,4,3,1,1,2,0
50,No,Travel_Rarely,989,Research & Development,7,2,Medical,1,80,2,Female,43,2,5,Research Director,3,Divorced,18740,16701,5,Y,Yes,12,3,4,80,1,29,2,2,27,3,13,8,0
49,No,Travel_Rarely,271,Research & Development,3,2,Medical,1,1509,3,Female,43,2,2,Laboratory Technician,1,Married,4789,23070,4,Y,No,25,4,1,80,1,10,3,3,3,2,1,2,0
34,No,Non-Travel,1381,Sales,4,4,Marketing,1,523,3,Female,72,3,2,Sales Executive,3,Married,6538,12740,9,Y,No,15,3,1,80,1,6,3,3,3,2,1,2,0
28,No,Travel_Rarely,1169,Human Resources,8,2,Medical,1,869,2,Male,63,2,1,Human Resources,4,Divorced,4936,23965,1,Y,No,13,3,4,80,1,6,6,3,5,1,0,4,0
26,Yes,Travel_Frequently,342,Research & Development,2,3,Life Sciences,1,1053,1,Male,57,3,1,Research Scientist,1,Married,2042,15346,6,Y,Yes,14,3,2,80,1,6,2,3,3,2,1,2,1
36,No,Non-Travel,217,Research & Development,18,4,Life Sciences,1,1133,1,Male,78,3,2,Manufacturing Director,4,Single,7779,23238,2,Y,No,20,4,1,80,0,18,0,3,11,9,0,9,0
32,No,Travel_Rarely,859,Research & Development,4,3,Life Sciences,1,830,3,Female,98,2,2,Manufacturing Director,3,Married,6162,19124,1,Y,No,12,3,3,80,1,14,3,3,14,13,6,8,0
37,No,Travel_Frequently,1231,Sales,21,2,Medical,1,900,3,Female,54,3,1,Sales Representative,4,Married,2973,21222,5,Y,No,15,3,2,80,1,10,3,3,5,4,0,0,0
23,No,Travel_Rarely,541,Sales,2,1,Technical Degree,1,113,3,Male,62,3,1,Sales Representative,1,Divorced,2322,9518,3,Y,No,13,3,3,80,1,3,3,3,0,0,0,0,0
53,No,Travel_Rarely,970,Research & Development,7,3,Life Sciences,1,730,3,Male,59,4,4,Research Director,3,Married,14814,13514,3,Y,No,19,3,3,80,0,32,3,3,5,1,1,3,0
45,No,Non-Travel,336,Sales,26,3,Marketing,1,1612,1,Male,52,2,2,Sales Executive,1,Married,4385,24162,1,Y,No,15,3,1,80,1,10,2,3,10,7,4,5,0
21,Yes,Travel_Rarely,156,Sales,12,3,Life Sciences,1,494,3,Female,90,4,1,Sales Representative,2,Single,2716,25422,1,Y,No,15,3,4,80,0,1,0,3,1,0,0,0,1
42,No,Travel_Rarely,269,Research & Development,2,3,Medical,1,351,4,Female,56,2,1,Laboratory Technician,1,Divorced,2593,8007,0,Y,Yes,11,3,3,80,1,10,4,3,9,6,7,8,0
32,No,Travel_Rarely,634,Research & Development,5,4,Other,1,1607,2,Female,35,4,1,Research Scientist,4,Married,3312,18783,3,Y,No,17,3,4,80,2,6,3,3,3,2,0,2,0
33,No,Travel_Frequently,508,Sales,10,3,Marketing,1,446,2,Male,46,2,2,Sales Executive,4,Single,4682,4317,3,Y,No,14,3,3,80,0,9,6,2,7,7,0,1,0
39,No,Travel_Frequently,711,Research & Development,4,3,Medical,1,1633,1,Female,81,3,2,Manufacturing Director,3,Single,5042,3140,0,Y,No,13,3,4,80,0,10,2,1,9,2,3,8,0
33,No,Travel_Rarely,867,Research & Development,8,4,Life Sciences,1,1798,4,Male,90,4,1,Research Scientist,1,Married,3143,6076,6,Y,No,19,3,2,80,1,14,1,3,10,8,7,6,0
39,No,Travel_Rarely,1132,Research & Development,1,3,Medical,1,417,3,Male,48,4,3,Healthcare Representative,4,Divorced,9613,10942,0,Y,No,17,3,1,80,3,19,5,2,18,10,3,7,0
29,No,Travel_Rarely,1176,Sales,3,2,Medical,1,690,2,Female,62,3,2,Sales Executive,3,Married,5561,3487,1,Y,No,14,3,1,80,1,6,5,2,6,0,1,2,0
41,No,Non-Travel,247,Research & Development,7,1,Life Sciences,1,1035,2,Female,55,1,5,Research Director,3,Divorced,19973,20284,1,Y,No,22,4,2,80,2,21,3,3,21,16,5,10,0
31,No,Travel_Frequently,798,Research & Development,7,2,Life Sciences,1,442,3,Female,48,2,3,Manufacturing Director,3,Married,8943,14034,1,Y,No,24,4,1,80,1,10,2,3,10,9,8,9,0
35,Yes,Travel_Rarely,303,Sales,27,3,Life Sciences,1,1797,3,Male,84,3,2,Sales Executive,4,Single,5813,13492,1,Y,Yes,18,3,4,80,0,10,2,3,10,7,7,7,1
42,No,Travel_Rarely,319,Research & Development,24,3,Medical,1,605,4,Male,56,3,3,Manufacturing Director,1,Married,7406,6950,1,Y,Yes,21,4,4,80,1,10,5,2,10,9,5,8,0
29,No,Travel_Rarely,1283,Research & Development,23,3,Life Sciences,1,495,4,Male,54,3,1,Research Scientist,4,Single,2201,18168,9,Y,No,16,3,4,80,0,6,4,3,3,2,1,2,0
20,Yes,Travel_Rarely,129,Research & Development,4,3,Technical Degree,1,960,1,Male,84,3,1,Laboratory Technician,1,Single,2973,13008,1,Y,No,19,3,2,80,0,1,2,3,1,0,0,0,1
32,No,Travel_Rarely,588,Sales,8,2,Technical Degree,1,436,3,Female,65,2,2,Sales Executive,2,Married,5228,24624,1,Y,Yes,11,3,4,80,0,13,2,3,13,12,11,9,0
31,Yes,Travel_Rarely,359,Human Resources,18,5,Human Resources,1,1842,4,Male,89,4,1,Human Resources,1,Married,2956,21495,0,Y,No,17,3,3,80,0,2,4,3,1,0,0,0,1
34,No,Travel_Frequently,648,Human Resources,11,3,Life Sciences,1,1289,3,Male,56,2,2,Human Resources,2,Married,4490,21833,4,Y,No,11,3,4,80,2,14,5,4,10,9,1,8,0
26,No,Travel_Rarely,1066,Research & Development,2,2,Medical,1,1018,4,Male,32,4,2,Manufacturing Director,4,Married,5472,3334,1,Y,No,12,3,2,80,0,8,2,3,8,7,1,3,0
43,No,Travel_Frequently,422,Research & Development,1,3,Life Sciences,1,902,4,Female,33,3,2,Healthcare Representative,4,Married,5562,21782,4,Y,No,13,3,2,80,1,12,2,2,5,2,2,2,0
40,No,Travel_Rarely,555,Research & Development,2,3,Medical,1,521,2,Female,78,2,2,Laboratory Technician,3,Married,3448,13436,6,Y,No,22,4,2,80,1,20,3,3,1,0,0,0,0
34,Yes,Travel_Frequently,658,Research & Development,7,3,Life Sciences,1,147,1,Male,66,1,2,Laboratory Technician,3,Single,6074,22887,1,Y,Yes,24,4,4,80,0,9,3,3,9,7,0,6,1
32,Yes,Travel_Frequently,238,Research & Development,5,2,Life Sciences,1,1939,1,Female,47,4,1,Research Scientist,3,Single,2432,15318,3,Y,Yes,14,3,1,80,0,8,2,3,4,1,0,3,1
30,Yes,Travel_Rarely,138,Research & Development,22,3,Life Sciences,1,1004,1,Female,48,3,1,Research Scientist,3,Married,2132,11539,4,Y,Yes,11,3,2,80,0,7,2,3,5,2,0,1,1
39,Yes,Travel_Frequently,203,Research & Development,2,3,Life Sciences,1,1127,1,Male,84,3,4,Healthcare Representative,4,Divorced,12169,13547,7,Y,No,11,3,4,80,3,21,4,3,18,7,11,5,1
43,No,Travel_Frequently,394,Sales,26,2,Life Sciences,1,158,3,Male,92,3,4,Manager,4,Married,16959,19494,1,Y,Yes,12,3,4,80,2,25,3,4,25,12,4,12,0
29,Yes,Travel_Rarely,408,Sales,23,1,Life Sciences,1,1165,4,Female,45,2,3,Sales Executive,1,Married,7336,11162,1,Y,No,13,3,1,80,1,11,3,1,11,8,3,10,1
20,Yes,Travel_Rarely,1097,Research & Development,11,3,Medical,1,1016,4,Female,98,2,1,Research Scientist,1,Single,2600,18275,1,Y,Yes,15,3,1,80,0,1,2,3,1,0,0,0,1
33,No,Travel_Frequently,1296,Research & Development,6,3,Life Sciences,1,692,3,Male,30,3,2,Healthcare Representative,4,Divorced,7725,5335,3,Y,No,23,4,3,80,1,15,2,1,13,11,4,7,0
49,No,Travel_Frequently,636,Research & Development,10,4,Life Sciences,1,396,3,Female,35,3,5,Research Director,1,Single,18665,25594,9,Y,Yes,11,3,4,80,0,22,4,3,3,2,1,2,0
55,No,Non-Travel,177,Research & Development,8,1,Medical,1,1278,4,Male,37,2,4,Healthcare Representative,2,Divorced,13577,25592,1,Y,Yes,15,3,4,80,1,34,3,3,33,9,15,0,0
33,No,Travel_Frequently,970,Sales,7,3,Life Sciences,1,1114,4,Female,30,3,2,Sales Executive,2,Married,4302,13401,0,Y,No,17,3,3,80,1,4,3,3,3,2,0,2,0
35,Yes,Travel_Frequently,130,Research & Development,25,4,Life Sciences,1,881,4,Female,96,3,1,Research Scientist,2,Divorced,2022,16612,1,Y,Yes,19,3,1,80,1,10,3,2,10,2,7,8,1
25,No,Travel_Rarely,977,Research & Development,2,1,Other,1,1992,4,Male,57,3,1,Laboratory Technician,3,Divorced,3977,7298,6,Y,Yes,19,3,3,80,1,7,2,2,2,2,0,2,0
47,Yes,Travel_Frequently,719,Sales,27,2,Life Sciences,1,785,2,Female,77,4,2,Sales Executive,3,Single,6397,10339,4,Y,Yes,12,3,4,80,0,8,2,3,5,4,1,3,1
34,No,Travel_Frequently,135,Research & Development,19,3,Medical,1,1285,3,Female,46,3,2,Laboratory Technician,2,Divorced,4444,22534,4,Y,No,13,3,3,80,2,15,2,4,11,8,5,10,0
28,Yes,Travel_Rarely,1485,Research & Development,12,1,Life Sciences,1,1175,3,Female,79,3,1,Laboratory Technician,4,Married,2515,22955,1,Y,Yes,11,3,4,80,0,1,4,2,1,1,0,0,1
54,No,Travel_Frequently,1050,Research & Development,11,4,Medical,1,1520,2,Female,87,3,4,Manager,4,Divorced,16032,24456,3,Y,No,20,4,1,80,1,26,2,3,14,9,1,12,0
23,No,Travel_Rarely,571,Research & Development,12,2,Other,1,1982,4,Male,78,3,1,Laboratory Technician,4,Single,2647,13672,1,Y,No,13,3,3,80,0,5,6,4,5,2,1,4,0
33,No,Travel_Rarely,586,Sales,1,3,Medical,1,855,1,Male,48,4,2,Sales Executive,1,Divorced,4037,21816,1,Y,No,22,4,1,80,1,9,5,3,9,8,0,8,0
36,No,Travel_Rarely,329,Sales,16,4,Marketing,1,1436,3,Female,98,2,2,Sales Executive,1,Married,5647,13494,4,Y,No,13,3,1,80,2,11,3,2,3,2,0,2,0
26,Yes,Travel_Frequently,887,Research & Development,5,2,Medical,1,848,3,Female,88,2,1,Research Scientist,3,Married,2366,20898,1,Y,Yes,14,3,1,80,1,8,2,3,8,7,1,7,1
32,Yes,Non-Travel,1474,Sales,11,4,Other,1,631,4,Male,60,4,2,Sales Executive,3,Married,4707,23914,8,Y,No,12,3,4,80,0,6,2,3,4,2,1,2,1
42,No,Travel_Rarely,635,Sales,1,1,Life Sciences,1,387,2,Male,99,3,2,Sales Executive,3,Married,4907,24532,1,Y,No,25,4,3,80,0,20,3,3,20,16,11,6,0
33,Yes,Travel_Rarely,465,Research & Development,2,2,Life Sciences,1,328,1,Female,39,3,1,Laboratory Technician,1,Married,2707,21509,7,Y,No,20,4,1,80,0,13,3,4,9,7,1,7,1
38,No,Travel_Rarely,322,Sales,7,2,Medical,1,382,1,Female,44,4,2,Sales Executive,1,Divorced,5605,19191,1,Y,Yes,24,4,3,80,1,8,3,3,8,0,7,7,0
40,No,Travel_Rarely,759,Sales,2,2,Marketing,1,516,4,Female,46,3,2,Sales Executive,2,Divorced,5715,22553,7,Y,No,12,3,3,80,2,8,5,3,5,4,1,3,0
58,No,Travel_Rarely,682,Sales,10,4,Medical,1,131,4,Male,37,3,4,Sales Executive,3,Single,13872,24409,0,Y,No,13,3,3,80,0,38,1,2,37,10,1,8,0
30,No,Travel_Rarely,570,Sales,5,3,Marketing,1,456,4,Female,30,2,2,Sales Executive,3,Divorced,6118,5431,1,Y,No,13,3,3,80,3,10,2,3,10,9,1,2,0
45,No,Travel_Frequently,364,Research & Development,25,3,Medical,1,1306,2,Female,83,3,5,Manager,2,Single,18061,13035,3,Y,No,22,4,3,80,0,22,4,3,0,0,0,0,0
31,No,Non-Travel,325,Research & Development,5,3,Medical,1,2057,2,Male,74,3,2,Manufacturing Director,1,Single,9936,3787,0,Y,No,19,3,2,80,0,10,2,3,9,4,1,7,0
44,No,Travel_Rarely,1467,Research & Development,20,3,Life Sciences,1,1475,4,Male,49,3,1,Research Scientist,2,Single,3420,21158,1,Y,No,13,3,3,80,0,6,3,2,5,2,1,3,0
26,No,Travel_Frequently,496,Research & Development,11,2,Medical,1,390,1,Male,60,3,2,Healthcare Representative,1,Married,4741,22722,1,Y,Yes,13,3,3,80,1,5,3,3,5,3,3,3,0
41,No,Travel_Rarely,465,Research & Development,14,3,Life Sciences,1,227,1,Male,56,3,1,Research Scientist,3,Divorced,2451,4609,4,Y,No,12,3,1,80,1,13,2,3,9,8,1,8,0
39,Yes,Non-Travel,592,Research & Development,2,3,Life Sciences,1,1458,1,Female,54,2,1,Laboratory Technician,1,Single,3646,17181,2,Y,Yes,23,4,2,80,0,11,2,4,1,0,0,0,1
30,No,Non-Travel,990,Research & Development,7,3,Technical Degree,1,1482,3,Male,64,3,1,Research Scientist,3,Divorced,1274,7152,1,Y,No,13,3,2,80,2,1,2,2,1,0,0,0,0
34,No,Travel_Rarely,254,Research & Development,1,2,Life Sciences,1,649,2,Male,83,2,1,Research Scientist,4,Married,3622,22794,1,Y,Yes,13,3,4,80,1,6,3,3,6,5,1,3,0
22,No,Travel_Rarely,1230,Research & Development,1,2,Life Sciences,1,872,4,Male,33,2,2,Manufacturing Director,4,Married,4775,19146,6,Y,No,22,4,1,80,2,4,2,1,2,2,2,2,0
42,No,Travel_Rarely,1265,Research & Development,3,3,Life Sciences,1,894,3,Female,95,4,2,Laboratory Technician,4,Married,5231,23726,2,Y,Yes,13,3,2,80,1,17,1,2,5,3,1,3,0
44,No,Travel_Rarely,1459,Research & Development,10,4,Other,1,40,4,Male,41,3,2,Healthcare Representative,4,Married,6465,19121,2,Y,Yes,13,3,4,80,0,9,5,4,4,2,1,3,0
36,No,Travel_Rarely,311,Research & Development,7,3,Life Sciences,1,1659,1,Male,77,3,1,Laboratory Technician,2,Single,2013,10950,2,Y,No,11,3,3,80,0,15,4,3,4,3,1,3,0
42,No,Travel_Frequently,288,Research & Development,2,3,Life Sciences,1,1547,4,Male,40,3,3,Healthcare Representative,4,Married,10124,18611,2,Y,Yes,14,3,3,80,1,24,3,1,20,8,13,9,0
35,No,Travel_Frequently,853,Sales,18,5,Life Sciences,1,74,2,Male,71,3,3,Sales Executive,1,Married,9069,11031,1,Y,No,22,4,4,80,1,9,3,2,9,8,1,8,0
34,No,Travel_Rarely,1111,Sales,8,2,Life Sciences,1,808,3,Female,93,3,2,Sales Executive,1,Married,6500,13305,5,Y,No,17,3,2,80,1,6,1,3,3,2,1,2,0
30,No,Travel_Rarely,1358,Research & Development,24,1,Life Sciences,1,11,4,Male,67,3,1,Laboratory Technician,3,Divorced,2693,13335,1,Y,No,22,4,2,80,1,1,2,3,1,0,0,0,0
30,No,Travel_Rarely,231,Sales,8,2,Other,1,982,3,Male,62,3,3,Sales Executive,3,Divorced,7264,9977,5,Y,No,11,3,1,80,1,10,2,4,8,4,7,7,0
60,No,Travel_Rarely,696,Sales,7,4,Marketing,1,1233,2,Male,52,4,2,Sales Executive,4,Divorced,5220,10893,0,Y,Yes,18,3,2,80,1,12,3,3,11,7,1,9,0
51,No,Travel_Rarely,1405,Research & Development,11,2,Technical Degree,1,1367,4,Female,82,2,4,Manufacturing Director,2,Single,13142,24439,3,Y,No,16,3,2,80,0,29,1,2,5,2,0,3,0
40,No,Travel_Rarely,1398,Sales,2,4,Life Sciences,1,558,3,Female,79,3,5,Manager,3,Married,18041,13022,0,Y,No,14,3,4,80,0,21,2,3,20,15,1,12,0
45,No,Non-Travel,805,Research & Development,4,2,Life Sciences,1,972,3,Male,57,3,2,Laboratory Technician,2,Married,4447,23163,1,Y,No,12,3,2,80,0,9,5,2,9,7,0,8,0
36,No,Travel_Rarely,917,Research & Development,6,4,Life Sciences,1,1221,3,Male,60,1,1,Laboratory Technician,3,Divorced,2741,6865,1,Y,No,14,3,3,80,1,7,4,3,7,7,1,7,0
29,No,Travel_Rarely,665,Research & Development,15,3,Life Sciences,1,346,3,Male,60,3,1,Research Scientist,4,Single,2340,22673,1,Y,No,19,3,1,80,0,6,1,3,6,5,1,5,0
20,No,Travel_Rarely,1141,Sales,2,3,Medical,1,1657,3,Female,31,3,1,Sales Representative,3,Single,2783,13251,1,Y,No,19,3,1,80,0,2,3,3,2,2,2,2,0
47,No,Non-Travel,1169,Research & Development,14,4,Technical Degree,1,1934,3,Male,64,3,2,Research Scientist,2,Married,5467,2125,8,Y,No,18,3,3,80,1,16,4,4,8,7,1,7,0
32,Yes,Travel_Frequently,1125,Research & Development,16,1,Life Sciences,1,33,2,Female,72,1,1,Research Scientist,1,Single,3919,4681,1,Y,Yes,22,4,2,80,0,10,5,3,10,2,6,7,1
28,No,Non-Travel,280,Human Resources,1,2,Life Sciences,1,1858,3,Male,43,3,1,Human Resources,4,Divorced,2706,10494,1,Y,No,15,3,2,80,1,3,2,3,3,2,2,2,0
40,Yes,Travel_Rarely,575,Sales,22,2,Marketing,1,492,3,Male,68,2,2,Sales Executive,3,Married,6380,6110,2,Y,Yes,12,3,1,80,2,8,6,3,6,4,1,0,1
21,No,Non-Travel,895,Sales,9,2,Medical,1,484,1,Male,39,3,1,Sales Representative,4,Single,2610,2851,1,Y,No,24,4,3,80,0,3,3,2,3,2,2,2,0
44,No,Travel_Rarely,986,Research & Development,8,4,Life Sciences,1,874,1,Male,62,4,1,Laboratory Technician,4,Married,2818,5044,2,Y,Yes,24,4,3,80,1,10,2,2,3,2,0,2,0
56,Yes,Travel_Rarely,441,Research & Development,14,4,Life Sciences,1,161,2,Female,72,3,1,Research Scientist,2,Married,4963,4510,9,Y,Yes,18,3,1,80,3,7,2,3,5,4,4,3,1
33,No,Non-Travel,1038,Sales,8,1,Life Sciences,1,1044,2,Female,88,2,1,Sales Representative,4,Single,2342,21437,0,Y,No,19,3,4,80,0,3,2,2,2,2,2,2,0
27,No,Travel_Rarely,1354,Research & Development,2,4,Technical Degree,1,1931,2,Male,41,3,1,Research Scientist,2,Married,2226,6073,1,Y,No,11,3,3,80,1,6,3,2,5,3,1,2,0
41,Yes,Non-Travel,906,Research & Development,5,2,Life Sciences,1,1210,1,Male,95,2,1,Research Scientist,1,Divorced,2107,20293,6,Y,No,17,3,1,80,1,5,2,1,1,0,0,0,1
28,No,Travel_Rarely,580,Research & Development,27,3,Medical,1,1622,2,Female,39,1,2,Manufacturing Director,1,Divorced,4877,20460,0,Y,No,21,4,2,80,1,6,5,2,5,3,0,0,0
48,No,Travel_Rarely,1108,Research & Development,15,4,Other,1,1576,3,Female,65,3,1,Research Scientist,1,Married,2367,16530,8,Y,No,12,3,4,80,1,10,3,2,8,2,7,6,0
40,No,Travel_Rarely,1137,Research & Development,1,4,Life Sciences,1,1892,1,Male,98,3,4,Manager,1,Divorced,16823,18991,2,Y,No,11,3,1,80,1,22,3,3,19,7,11,16,0
34,No,Travel_Rarely,479,Research & Development,7,4,Medical,1,1577,1,Male,35,3,1,Research Scientist,4,Single,2972,22061,1,Y,No,13,3,3,80,0,1,4,1,1,0,0,0,0
29,No,Travel_Rarely,1329,Research & Development,7,3,Life Sciences,1,1260,3,Male,82,3,2,Healthcare Representative,4,Divorced,6623,4204,1,Y,Yes,11,3,2,80,2,6,2,3,6,0,1,0,0
55,No,Travel_Rarely,452,Research & Development,1,3,Medical,1,374,4,Male,81,3,5,Manager,1,Single,19045,18938,0,Y,Yes,14,3,3,80,0,37,2,3,36,10,4,13,0
30,No,Travel_Rarely,153,Research & Development,8,2,Life Sciences,1,1015,2,Female,73,4,3,Research Director,1,Married,11416,17802,0,Y,Yes,12,3,3,80,3,9,4,2,8,7,1,7,0
32,Yes,Travel_Rarely,414,Sales,2,4,Marketing,1,1862,3,Male,82,2,2,Sales Executive,2,Single,9907,26186,7,Y,Yes,12,3,3,80,0,7,3,2,2,2,2,2,1
41,No,Travel_Rarely,642,Research & Development,1,3,Life Sciences,1,1999,4,Male,76,3,1,Research Scientist,4,Married,2782,21412,3,Y,No,22,4,1,80,1,12,3,3,5,3,1,0,0
43,No,Travel_Rarely,589,Research & Development,14,2,Life Sciences,1,843,2,Male,94,3,4,Research Director,1,Married,17159,5200,6,Y,No,24,4,3,80,1,22,3,3,4,1,1,0,0
36,No,Travel_Rarely,1278,Human Resources,8,3,Life Sciences,1,878,1,Male,77,2,1,Human Resources,1,Married,2342,8635,0,Y,No,21,4,3,80,0,6,3,3,5,4,0,3,0
34,No,Travel_Frequently,653,Research & Development,10,4,Technical Degree,1,1597,4,Male,92,2,2,Healthcare Representative,3,Married,5063,15332,1,Y,No,14,3,2,80,1,8,3,2,8,2,7,7,0
29,No,Travel_Frequently,806,Research & Development,1,4,Life Sciences,1,710,2,Male,76,1,1,Research Scientist,4,Divorced,2720,18959,1,Y,No,18,3,4,80,1,10,5,3,10,7,2,8,0
20,Yes,Travel_Frequently,871,Research & Development,6,3,Life Sciences,1,137,4,Female,66,2,1,Laboratory Technician,4,Single,2926,19783,1,Y,Yes,18,3,2,80,0,1,5,3,1,0,1,0,1
25,No,Travel_Rarely,883,Sales,26,1,Medical,1,781,3,Female,32,3,2,Sales Executive,4,Single,6180,22807,1,Y,No,23,4,2,80,0,6,5,2,6,5,1,4,0
24,No,Travel_Rarely,1353,Sales,3,2,Other,1,128,1,Female,33,3,2,Sales Executive,3,Married,4999,17519,0,Y,No,21,4,1,80,1,4,2,2,3,2,0,2,0
35,No,Travel_Rarely,619,Sales,1,3,Marketing,1,600,2,Male,85,3,2,Sales Executive,3,Married,4717,18659,9,Y,No,11,3,3,80,0,15,2,3,11,9,6,9,0
32,No,Non-Travel,953,Research & Development,5,4,Technical Degree,1,1764,2,Male,65,3,1,Research Scientist,2,Single,2718,17674,2,Y,No,14,3,2,80,0,12,3,3,7,7,0,7,0
35,No,Travel_Rarely,735,Research & Development,6,1,Life Sciences,1,1291,3,Male,66,3,1,Research Scientist,3,Married,3506,6020,0,Y,Yes,14,3,4,80,0,4,3,3,3,2,2,2,0
38,No,Travel_Frequently,508,Research & Development,6,4,Life Sciences,1,1997,1,Male,72,2,2,Manufacturing Director,3,Married,5321,14284,2,Y,No,11,3,4,80,1,10,1,3,8,3,7,7,0
42,No,Travel_Frequently,1271,Research & Development,2,1,Medical,1,875,2,Male,35,3,1,Research Scientist,4,Single,2515,9068,5,Y,Yes,14,3,4,80,0,8,2,3,2,1,2,2,0
34,No,Travel_Rarely,665,Research & Development,6,4,Other,1,138,1,Female,41,3,2,Research Scientist,3,Single,4809,12482,1,Y,No,14,3,3,80,0,16,3,3,16,13,2,10,0
50,No,Non-Travel,881,Research & Development,2,4,Life Sciences,1,905,1,Male,98,3,4,Manager,1,Divorced,17924,4544,1,Y,No,11,3,4,80,1,31,3,3,31,6,14,7,0
59,No,Non-Travel,1420,Human Resources,2,4,Human Resources,1,140,3,Female,32,2,5,Manager,4,Married,18844,21922,9,Y,No,21,4,4,80,1,30,3,3,3,2,2,2,0
30,Yes,Travel_Rarely,740,Sales,1,3,Life Sciences,1,1562,2,Male,64,2,2,Sales Executive,1,Married,9714,5323,1,Y,No,11,3,4,80,1,10,4,3,10,8,6,7,1
46,No,Travel_Rarely,1402,Sales,2,3,Marketing,1,1204,3,Female,69,3,4,Manager,1,Married,17048,24097,8,Y,No,23,4,1,80,0,28,2,3,26,15,15,9,0
28,No,Travel_Rarely,1423,Research & Development,1,3,Life Sciences,1,1506,1,Male,72,2,1,Research Scientist,3,Divorced,1563,12530,1,Y,No,14,3,4,80,1,1,2,1,1,0,0,0,0
41,No,Travel_Rarely,549,Research & Development,7,2,Medical,1,1025,4,Female,42,3,2,Manufacturing Director,3,Single,5003,23371,6,Y,No,14,3,2,80,0,8,6,3,2,2,2,1,0
27,No,Travel_Rarely,1134,Research & Development,16,4,Technical Degree,1,1001,3,Female,37,3,1,Laboratory Technician,2,Married,2811,12086,9,Y,No,14,3,2,80,1,4,2,3,2,2,2,2,0
31,Yes,Travel_Frequently,561,Research & Development,3,3,Life Sciences,1,1537,4,Female,33,3,1,Research Scientist,3,Single,4084,4156,1,Y,No,12,3,1,80,0,7,2,1,7,2,7,7,1
42,No,Travel_Rarely,622,Research & Development,2,4,Life Sciences,1,659,3,Female,81,3,2,Healthcare Representative,4,Married,4089,5718,1,Y,No,13,3,2,80,2,10,4,3,10,2,2,2,0
41,Yes,Travel_Rarely,1360,Research & Development,12,3,Technical Degree,1,58,2,Female,49,3,5,Research Director,3,Married,19545,16280,1,Y,No,12,3,4,80,0,23,0,3,22,15,15,8,1
33,Yes,Travel_Rarely,211,Sales,16,3,Life Sciences,1,1758,1,Female,74,3,3,Sales Executive,1,Single,8564,10092,2,Y,Yes,20,4,3,80,0,11,2,2,0,0,0,0,1
44,No,Travel_Rarely,921,Research & Development,2,3,Life Sciences,1,1703,3,Female,96,4,3,Healthcare Representative,4,Married,7879,14810,1,Y,Yes,19,3,2,80,1,9,2,3,8,7,6,7,0
22,Yes,Travel_Frequently,1368,Research & Development,4,1,Technical Degree,1,593,3,Male,99,2,1,Laboratory Technician,3,Single,3894,9129,5,Y,No,16,3,3,80,0,4,3,3,2,2,1,2,1
32,No,Travel_Rarely,267,Research & Development,29,4,Life Sciences,1,2010,3,Female,49,2,1,Laboratory Technician,2,Single,2837,15919,1,Y,No,13,3,3,80,0,6,3,3,6,2,4,1,0
58,No,Travel_Frequently,1216,Research & Development,15,4,Life Sciences,1,1837,1,Male,87,3,4,Research Director,3,Married,15787,21624,2,Y,Yes,14,3,2,80,0,23,3,3,2,2,2,2,0
35,No,Non-Travel,208,Research & Development,8,4,Life Sciences,1,1630,3,Female,52,3,2,Healthcare Representative,3,Married,4148,12250,1,Y,No,12,3,4,80,1,15,5,3,14,11,2,9,0
46,No,Travel_Rarely,1450,Research & Development,15,2,Life Sciences,1,1217,4,Male,52,3,5,Research Director,2,Married,19081,10849,5,Y,No,11,3,1,80,1,25,2,3,4,2,0,3,0
32,No,Travel_Rarely,824,Research & Development,5,2,Life Sciences,1,1555,4,Female,67,2,2,Research Scientist,2,Married,5878,15624,3,Y,No,12,3,1,80,1,12,2,3,7,1,2,5,0
56,Yes,Travel_Rarely,310,Research & Development,7,2,Technical Degree,1,2032,4,Male,72,3,1,Laboratory Technician,3,Married,2339,3666,8,Y,No,11,3,4,80,1,14,4,1,10,9,9,8,1
49,No,Travel_Rarely,1495,Research & Development,5,4,Technical Degree,1,1473,1,Male,96,3,2,Healthcare Representative,3,Married,6651,21534,2,Y,No,14,3,2,80,1,20,0,2,3,2,1,2,0
27,No,Non-Travel,691,Research & Development,9,3,Medical,1,218,4,Male,57,3,1,Research Scientist,2,Divorced,2024,5970,6,Y,No,18,3,4,80,1,6,1,1,2,2,2,2,0
46,No,Travel_Rarely,406,Sales,3,1,Marketing,1,1124,1,Male,52,3,4,Manager,3,Married,17465,15596,3,Y,No,12,3,4,80,1,23,3,3,12,9,4,9,0
31,Yes,Travel_Rarely,202,Research & Development,8,3,Life Sciences,1,1433,1,Female,34,2,1,Research Scientist,2,Single,1261,22262,1,Y,No,12,3,3,80,0,1,3,4,1,0,0,0,1
37,No,Non-Travel,728,Research & Development,1,4,Medical,1,380,1,Female,80,3,3,Research Director,4,Divorced,13603,11677,2,Y,Yes,18,3,1,80,2,15,2,3,5,2,0,2,0
49,Yes,Travel_Frequently,1475,Research & Development,28,2,Life Sciences,1,1420,1,Male,97,2,2,Laboratory Technician,1,Single,4284,22710,3,Y,No,20,4,1,80,0,20,2,3,4,3,1,3,1
51,Yes,Travel_Frequently,1150,Research & Development,8,4,Life Sciences,1,179,1,Male,53,1,3,Manufacturing Director,4,Single,10650,25150,2,Y,No,15,3,4,80,0,18,2,3,4,2,0,3,1
53,No,Travel_Rarely,1376,Sales,2,2,Medical,1,981,3,Male,45,3,4,Manager,3,Divorced,14852,13938,6,Y,No,13,3,3,80,1,22,3,4,17,13,15,2,0
54,No,Travel_Rarely,376,Research & Development,19,4,Medical,1,799,4,Female,95,3,2,Manufacturing Director,1,Divorced,5485,22670,9,Y,Yes,11,3,2,80,2,9,4,3,5,3,1,4,0
21,Yes,Travel_Rarely,1334,Research & Development,10,3,Life Sciences,1,1079,3,Female,36,2,1,Laboratory Technician,1,Single,1416,17258,1,Y,No,13,3,1,80,0,1,6,2,1,0,1,0,1
50,No,Travel_Rarely,1046,Research & Development,10,3,Technical Degree,1,491,4,Male,100,2,3,Healthcare Representative,4,Single,10496,2755,6,Y,No,15,3,4,80,0,20,2,3,4,3,1,3,0
35,No,Travel_Rarely,1017,Research & Development,6,4,Life Sciences,1,691,2,Male,82,1,2,Research Scientist,4,Single,6646,19368,1,Y,No,13,3,2,80,0,17,3,3,17,11,11,8,0
20,Yes,Travel_Frequently,769,Sales,9,3,Marketing,1,1077,4,Female,54,3,1,Sales Representative,4,Single,2323,17205,1,Y,Yes,14,3,2,80,0,2,3,3,2,2,0,2,1
32,No,Travel_Frequently,967,Sales,8,3,Marketing,1,207,2,Female,43,3,3,Sales Executive,4,Single,8998,15589,1,Y,No,14,3,4,80,0,9,2,3,9,8,3,7,0
30,No,Non-Travel,829,Research & Development,1,1,Life Sciences,1,292,3,Male,88,2,3,Manufacturing Director,3,Single,8474,20925,1,Y,No,22,4,3,80,0,12,2,3,11,8,5,8,0
30,No,Travel_Rarely,852,Research & Development,1,1,Life Sciences,1,104,4,Male,55,2,2,Laboratory Technician,4,Married,5126,15998,1,Y,Yes,12,3,3,80,2,10,1,2,10,8,3,0,0
32,Yes,Travel_Rarely,1033,Research & Development,9,3,Medical,1,190,1,Female,41,3,1,Laboratory Technician,1,Single,4200,10224,7,Y,No,22,4,1,80,0,10,2,4,5,4,0,4,1
41,No,Travel_Rarely,1206,Sales,23,2,Life Sciences,1,1678,4,Male,80,3,3,Sales Executive,3,Single,7082,11591,3,Y,Yes,16,3,4,80,0,21,2,3,2,0,0,2,0
39,No,Non-Travel,439,Research & Development,9,3,Life Sciences,1,1132,3,Male,70,3,2,Laboratory Technician,2,Single,6782,8770,9,Y,No,15,3,3,80,0,9,2,2,5,4,0,3,0
46,Yes,Travel_Rarely,377,Sales,9,3,Marketing,1,1457,1,Male,52,3,3,Sales Executive,4,Divorced,10096,15986,4,Y,No,11,3,1,80,1,28,1,4,7,7,4,3,1
30,Yes,Travel_Rarely,945,Sales,9,3,Medical,1,1876,2,Male,89,3,1,Sales Representative,4,Single,1081,16019,1,Y,No,13,3,3,80,0,1,3,2,1,0,0,0,1
27,No,Travel_Rarely,591,Research & Development,2,1,Medical,1,7,1,Male,40,3,1,Laboratory Technician,2,Married,3468,16632,9,Y,No,12,3,4,80,1,6,3,3,2,2,2,2,0
27,No,Travel_Rarely,1167,Research & Development,4,2,Life Sciences,1,1259,1,Male,76,3,1,Research Scientist,3,Divorced,2517,3208,1,Y,No,11,3,2,80,3,5,2,3,5,3,0,3,0
29,Yes,Travel_Rarely,428,Sales,9,3,Marketing,1,1752,2,Female,52,1,1,Sales Representative,2,Single,2760,14630,1,Y,No,13,3,3,80,0,2,3,3,2,2,2,2,1
29,No,Travel_Rarely,942,Research & Development,15,1,Life Sciences,1,1202,2,Female,69,1,1,Research Scientist,4,Married,2168,26933,0,Y,Yes,18,3,1,80,1,6,2,2,5,4,1,3,0
60,No,Travel_Rarely,1179,Sales,16,4,Marketing,1,732,1,Male,84,3,2,Sales Executive,1,Single,5405,11924,8,Y,No,14,3,4,80,0,10,1,3,2,2,2,2,0
42,No,Travel_Rarely,544,Human Resources,2,1,Technical Degree,1,470,3,Male,52,3,1,Human Resources,3,Divorced,2696,24017,0,Y,Yes,11,3,3,80,1,4,5,3,3,2,1,0,0
40,No,Travel_Rarely,750,Research & Development,12,3,Life Sciences,1,1829,2,Female,47,3,2,Healthcare Representative,1,Divorced,4448,10748,2,Y,No,12,3,2,80,1,15,3,3,7,4,7,7,0
44,No,Travel_Rarely,1448,Sales,28,3,Medical,1,1039,4,Female,53,4,4,Sales Executive,4,Married,13320,11737,3,Y,Yes,18,3,3,80,1,23,2,3,12,11,11,11,0
60,No,Travel_Rarely,422,Research & Development,7,3,Life Sciences,1,549,1,Female,41,3,5,Manager,1,Married,19566,3854,5,Y,No,11,3,4,80,0,33,5,1,29,8,11,10,0
39,No,Travel_Rarely,722,Sales,24,1,Marketing,1,2056,2,Female,60,2,4,Sales Executive,4,Married,12031,8828,0,Y,No,11,3,1,80,1,21,2,2,20,9,9,6,0
39,No,Travel_Rarely,1462,Sales,6,3,Medical,1,1588,4,Male,38,4,3,Sales Executive,3,Married,8237,4658,2,Y,No,11,3,1,80,1,11,3,3,7,6,7,6,0
50,No,Travel_Rarely,1452,Research & Development,11,3,Life Sciences,1,226,3,Female,53,3,5,Manager,2,Single,19926,17053,3,Y,No,15,3,2,80,0,21,5,3,5,4,4,4,0
35,No,Travel_Rarely,1349,Research & Development,7,2,Life Sciences,1,1601,3,Male,63,2,1,Laboratory Technician,4,Married,2690,7713,1,Y,No,18,3,4,80,1,1,5,2,1,0,0,1,0
24,No,Non-Travel,1269,Research & Development,4,1,Life Sciences,1,888,1,Male,46,2,1,Laboratory Technician,4,Married,3162,10778,0,Y,No,17,3,4,80,0,6,2,2,5,2,3,4,0
35,No,Travel_Rarely,682,Sales,18,4,Medical,1,1945,2,Male,71,3,2,Sales Executive,1,Married,5561,15975,0,Y,No,16,3,4,80,1,6,2,1,5,3,0,4,0
56,No,Travel_Rarely,718,Research & Development,4,4,Technical Degree,1,1191,4,Female,92,3,5,Manager,1,Divorced,19943,18575,4,Y,No,13,3,4,80,1,28,2,3,5,2,4,2,0
38,No,Travel_Frequently,216,Research & Development,23,3,Life Sciences,1,12,4,Male,44,2,3,Manufacturing Director,3,Single,9526,8787,0,Y,No,21,4,2,80,0,10,2,3,9,7,1,8,0
23,No,Travel_Rarely,310,Research & Development,10,1,Medical,1,784,1,Male,79,4,1,Research Scientist,3,Single,3505,19630,1,Y,No,18,3,4,80,0,2,3,3,2,2,0,2,0
30,No,Travel_Rarely,1339,Sales,5,3,Life Sciences,1,228,2,Female,41,3,3,Sales Executive,4,Married,9419,8053,2,Y,No,12,3,3,80,1,12,2,3,10,9,7,4,0
20,Yes,Travel_Rarely,500,Sales,2,3,Medical,1,922,3,Female,49,2,1,Sales Representative,3,Single,2044,22052,1,Y,No,13,3,4,80,0,2,3,2,2,2,0,2,1
22,No,Travel_Rarely,1136,Research & Development,5,3,Life Sciences,1,284,4,Male,60,4,1,Research Scientist,2,Divorced,2328,12392,1,Y,Yes,16,3,1,80,1,4,2,2,4,2,2,2,0
36,No,Travel_Rarely,1174,Sales,3,4,Marketing,1,1425,1,Female,99,3,2,Sales Executive,2,Single,9278,20763,3,Y,Yes,16,3,4,80,0,15,3,3,5,4,0,1,0
45,No,Travel_Rarely,788,Human Resources,24,4,Medical,1,1049,2,Male,36,3,1,Human Resources,2,Single,2177,8318,1,Y,No,16,3,1,80,0,6,3,3,6,3,0,4,0
31,No,Travel_Rarely,326,Sales,8,2,Life Sciences,1,1453,1,Male,31,3,3,Sales Executive,4,Divorced,10793,8386,1,Y,No,18,3,1,80,1,13,5,3,13,7,9,9,0
47,No,Travel_Rarely,1001,Research & Development,4,3,Life Sciences,1,1827,3,Female,92,2,3,Manufacturing Director,2,Divorced,10333,19271,8,Y,Yes,12,3,3,80,1,28,4,3,22,11,14,10,0
33,No,Travel_Rarely,654,Research & Development,5,3,Life Sciences,1,1099,4,Male,34,2,3,Healthcare Representative,4,Divorced,7119,21214,4,Y,No,15,3,3,80,1,9,2,3,3,2,1,2,0
35,No,Travel_Rarely,817,Research & Development,1,3,Medical,1,1369,4,Female,60,2,2,Laboratory Technician,4,Married,5363,10846,0,Y,No,12,3,2,80,1,10,0,3,9,7,0,0,0
29,No,Non-Travel,746,Sales,2,3,Life Sciences,1,469,4,Male,61,3,2,Sales Executive,3,Married,4649,16928,1,Y,No,14,3,1,80,1,4,3,2,4,3,0,2,0
33,No,Travel_Rarely,589,Research & Development,28,4,Life Sciences,1,1549,2,Male,79,3,2,Laboratory Technician,3,Married,5207,22949,1,Y,Yes,12,3,2,80,1,15,3,3,15,14,5,7,0
44,No,Non-Travel,111,Research & Development,17,3,Life Sciences,1,1206,4,Male,74,1,1,Research Scientist,3,Single,2290,4279,2,Y,No,13,3,4,80,0,6,3,3,0,0,0,0,0
31,No,Travel_Rarely,1232,Research & Development,7,4,Medical,1,462,3,Female,39,3,3,Manufacturing Director,4,Single,7143,25713,1,Y,Yes,14,3,3,80,0,11,2,2,11,9,4,10,0
33,No,Travel_Rarely,516,Research & Development,8,5,Life Sciences,1,1515,4,Male,69,3,2,Healthcare Representative,3,Single,6388,22049,2,Y,Yes,17,3,1,80,0,14,6,3,0,0,0,0,0
39,No,Non-Travel,1485,Research & Development,25,2,Life Sciences,1,1397,3,Male,71,3,3,Healthcare Representative,3,Married,10920,3449,3,Y,No,21,4,2,80,1,13,2,3,6,4,0,5,0
38,No,Travel_Rarely,1009,Sales,2,2,Life Sciences,1,1355,2,Female,31,3,2,Sales Executive,1,Divorced,6893,19461,3,Y,No,15,3,4,80,1,11,3,3,7,7,1,7,0
33,No,Travel_Frequently,553,Research & Development,5,4,Life Sciences,1,428,4,Female,74,3,3,Manager,2,Married,11878,23364,6,Y,No,11,3,2,80,2,12,2,3,10,6,8,8,0
34,No,Travel_Rarely,1153,Research & Development,1,2,Medical,1,110,1,Male,94,3,2,Manufacturing Director,2,Married,4325,17736,1,Y,No,15,3,3,80,0,5,2,3,5,2,1,3,0
38,No,Travel_Frequently,888,Human Resources,10,4,Human Resources,1,1563,3,Male,71,3,2,Human Resources,3,Married,6077,14814,3,Y,No,11,3,3,80,0,10,2,3,6,3,1,2,0
19,No,Travel_Rarely,1181,Research & Development,3,1,Medical,1,201,2,Female,79,3,1,Laboratory Technician,2,Single,1483,16102,1,Y,No,14,3,4,80,0,1,3,3,1,0,0,0,0
38,No,Travel_Rarely,849,Research & Development,25,2,Life Sciences,1,421,1,Female,81,2,3,Research Director,2,Married,12061,26707,3,Y,No,17,3,3,80,1,19,2,3,10,8,0,1,0
25,Yes,Travel_Frequently,599,Sales,24,1,Life Sciences,1,1273,3,Male,73,1,1,Sales Representative,4,Single,1118,8040,1,Y,Yes,14,3,4,80,0,1,4,3,1,0,1,0,1
43,No,Travel_Rarely,1473,Research & Development,8,4,Other,1,526,3,Female,74,3,2,Healthcare Representative,3,Divorced,4522,2227,4,Y,Yes,14,3,4,80,0,8,3,3,5,2,0,2,0
58,No,Non-Travel,390,Research & Development,1,4,Life Sciences,1,422,4,Male,32,1,2,Healthcare Representative,3,Divorced,5660,17056,2,Y,Yes,13,3,4,80,1,12,2,3,5,3,1,2,0
44,No,Travel_Rarely,528,Human Resources,1,3,Life Sciences,1,1683,3,Female,44,3,1,Human Resources,4,Divorced,3195,4167,4,Y,Yes,18,3,1,80,3,8,2,3,2,2,2,2,0
20,No,Travel_Rarely,727,Sales,9,1,Life Sciences,1,1680,4,Male,54,3,1,Sales Representative,1,Single,2728,21082,1,Y,No,11,3,1,80,0,2,3,3,2,2,0,2,0
40,No,Travel_Rarely,611,Sales,7,4,Medical,1,1740,2,Male,88,3,5,Manager,2,Single,19833,4349,1,Y,No,14,3,2,80,0,21,3,2,21,8,12,8,0
30,No,Travel_Rarely,202,Sales,2,1,Technical Degree,1,508,3,Male,72,3,1,Sales Representative,2,Married,2476,17434,1,Y,No,18,3,1,80,1,1,3,3,1,0,0,0,0
42,No,Travel_Rarely,810,Research & Development,23,5,Life Sciences,1,468,1,Female,44,3,4,Research Director,4,Single,15992,15901,2,Y,No,14,3,2,80,0,16,2,3,1,0,0,0,0
55,No,Travel_Rarely,1229,Research & Development,4,4,Life Sciences,1,1501,4,Male,30,3,2,Healthcare Representative,3,Married,4035,16143,0,Y,Yes,16,3,2,80,0,4,2,3,3,2,1,2,0
30,No,Travel_Rarely,501,Sales,27,5,Marketing,1,747,3,Male,99,3,2,Sales Executive,4,Divorced,5304,25275,7,Y,No,23,4,4,80,1,10,2,2,8,7,7,7,0
35,No,Travel_Rarely,1224,Sales,7,4,Life Sciences,1,1962,3,Female,55,3,2,Sales Executive,4,Married,5204,13586,1,Y,Yes,11,3,4,80,0,10,2,3,10,8,0,9,0
29,No,Non-Travel,1496,Research & Development,1,1,Technical Degree,1,208,4,Male,41,3,2,Manufacturing Director,3,Married,4319,26283,1,Y,No,13,3,1,80,1,10,1,3,10,7,0,9,0
42,No,Non-Travel,335,Research & Development,23,2,Life Sciences,1,1976,4,Male,37,2,2,Research Scientist,3,Single,4332,14811,1,Y,No,12,3,4,80,0,20,2,3,20,9,3,7,0
28,No,Travel_Rarely,1172,Sales,3,3,Medical,1,1875,2,Female,78,3,1,Sales Representative,2,Married,2856,3692,1,Y,No,19,3,4,80,1,1,3,3,1,0,0,0,0
27,No,Travel_Rarely,486,Research & Development,8,3,Medical,1,1647,2,Female,86,4,1,Research Scientist,3,Married,3517,22490,7,Y,No,17,3,1,80,0,5,0,3,3,2,0,2,0
24,Yes,Travel_Rarely,984,Research & Development,17,2,Life Sciences,1,1219,4,Female,97,3,1,Laboratory Technician,2,Married,2210,3372,1,Y,No,13,3,1,80,1,1,3,1,1,0,0,0,1
41,No,Non-Travel,267,Sales,10,2,Life Sciences,1,599,4,Male,56,3,2,Sales Executive,4,Single,6230,13430,7,Y,No,14,3,4,80,0,16,3,3,14,3,1,10,0
37,No,Non-Travel,142,Sales,9,4,Medical,1,626,1,Male,69,3,3,Sales Executive,2,Divorced,8834,24666,1,Y,No,13,3,4,80,1,9,6,3,9,5,7,7,0
36,No,Travel_Rarely,711,Research & Development,5,4,Life Sciences,1,1651,2,Female,42,3,3,Healthcare Representative,1,Married,8008,22792,4,Y,No,12,3,3,80,2,9,6,3,3,2,0,2,0
45,No,Travel_Rarely,1268,Sales,4,2,Life Sciences,1,240,3,Female,30,3,2,Sales Executive,1,Divorced,5006,6319,4,Y,Yes,11,3,1,80,1,9,3,4,5,4,0,3,0
56,No,Travel_Rarely,832,Research & Development,9,3,Medical,1,762,3,Male,81,3,4,Healthcare Representative,4,Married,11103,20420,7,Y,No,11,3,3,80,0,30,1,2,10,7,1,1,0
43,No,Non-Travel,1344,Research & Development,7,3,Medical,1,262,4,Male,37,4,1,Research Scientist,4,Divorced,2089,5228,4,Y,No,14,3,4,80,3,7,3,4,5,4,2,2,0
29,Yes,Travel_Rarely,806,Research & Development,7,3,Technical Degree,1,1299,2,Female,39,3,1,Laboratory Technician,3,Divorced,3339,17285,3,Y,Yes,13,3,1,80,2,10,2,3,7,7,7,7,1
29,No,Travel_Rarely,352,Human Resources,6,1,Medical,1,1865,4,Male,87,2,1,Human Resources,2,Married,2804,15434,1,Y,No,11,3,4,80,0,1,3,3,1,0,0,0,0
37,No,Travel_Frequently,889,Research & Development,9,3,Medical,1,403,2,Male,53,3,1,Research Scientist,4,Married,2326,11411,1,Y,Yes,12,3,3,80,3,4,3,2,4,2,1,2,0
49,No,Travel_Rarely,465,Research & Development,6,1,Life Sciences,1,1661,3,Female,41,2,4,Healthcare Representative,3,Married,13966,11652,2,Y,Yes,19,3,2,80,1,30,3,3,15,11,2,12,0
26,Yes,Travel_Rarely,1357,Research & Development,25,3,Life Sciences,1,55,1,Male,48,1,1,Laboratory Technician,3,Single,2293,10558,1,Y,No,12,3,3,80,0,1,2,2,1,0,0,1,1
31,No,Non-Travel,1188,Sales,20,2,Marketing,1,947,4,Female,45,3,2,Sales Executive,3,Married,6932,24406,1,Y,No,13,3,4,80,1,9,2,2,9,8,0,0,0
23,No,Travel_Rarely,650,Research & Development,9,1,Medical,1,758,2,Male,37,3,1,Laboratory Technician,1,Married,2500,4344,1,Y,No,14,3,4,80,1,5,2,4,4,3,0,2,0
32,No,Non-Travel,1200,Research & Development,1,4,Technical Degree,1,1574,4,Male,62,3,2,Research Scientist,1,Married,4087,25174,4,Y,No,14,3,2,80,1,9,3,2,6,5,1,2,0
53,No,Travel_Rarely,238,Sales,1,1,Medical,1,682,4,Female,34,3,2,Sales Executive,1,Single,8381,7507,7,Y,No,20,4,4,80,0,18,2,4,14,7,8,10,0
37,No,Travel_Rarely,446,Research & Development,1,4,Life Sciences,1,635,2,Female,65,3,2,Manufacturing Director,2,Married,6447,15701,6,Y,No,12,3,2,80,1,8,2,2,6,5,4,3,0
53,No,Travel_Rarely,661,Sales,7,2,Marketing,1,862,1,Female,78,2,3,Sales Executive,4,Married,10934,20715,7,Y,Yes,18,3,4,80,1,35,3,3,5,2,0,4,0
33,No,Travel_Frequently,1141,Sales,1,3,Life Sciences,1,52,3,Female,42,4,2,Sales Executive,1,Married,5376,3193,2,Y,No,19,3,1,80,2,10,3,3,5,3,1,3,0
41,No,Travel_Rarely,548,Research & Development,9,4,Life Sciences,1,1772,3,Male,94,3,1,Laboratory Technician,1,Divorced,2289,20520,1,Y,No,20,4,2,80,2,5,2,3,5,3,0,4,0
30,No,Travel_Frequently,160,Research & Development,3,3,Medical,1,680,3,Female,71,3,1,Research Scientist,3,Divorced,2083,22653,1,Y,No,20,4,3,80,1,1,2,3,1,0,0,0,0
29,Yes,Travel_Rarely,224,Research & Development,1,4,Technical Degree,1,1522,1,Male,100,2,1,Research Scientist,1,Single,2362,7568,6,Y,No,13,3,3,80,0,11,2,1,9,7,0,7,1
55,No,Non-Travel,444,Research & Development,2,1,Medical,1,1074,3,Male,40,2,4,Manager,1,Single,16756,17323,7,Y,No,15,3,2,80,0,31,3,4,9,7,6,2,0
29,No,Travel_Rarely,468,Research & Development,28,4,Medical,1,2054,4,Female,73,2,1,Research Scientist,1,Single,3785,8489,1,Y,No,14,3,2,80,0,5,3,1,5,4,0,4,0
26,No,Travel_Rarely,1349,Research & Development,23,3,Life Sciences,1,560,1,Female,90,3,1,Research Scientist,4,Divorced,2886,3032,1,Y,No,22,4,2,80,2,3,3,1,3,2,0,2,0
29,Yes,Travel_Rarely,906,Research & Development,10,3,Life Sciences,1,994,4,Female,92,2,1,Research Scientist,1,Single,2404,11479,6,Y,Yes,20,4,3,80,0,3,5,3,0,0,0,0,1
23,No,Travel_Rarely,507,Research & Development,20,1,Life Sciences,1,1533,1,Male,97,3,2,Laboratory Technician,3,Single,2272,24812,0,Y,No,14,3,2,80,0,5,2,3,4,3,1,2,0
46,No,Travel_Rarely,705,Sales,2,4,Marketing,1,38,2,Female,83,3,5,Manager,1,Single,18947,22822,3,Y,No,12,3,4,80,0,22,2,2,2,2,2,1,0
36,No,Travel_Rarely,430,Research & Development,2,4,Other,1,1847,4,Female,73,3,2,Research Scientist,2,Married,6962,19573,4,Y,Yes,22,4,4,80,1,15,2,3,1,0,0,0,0
29,No,Travel_Rarely,991,Sales,5,3,Medical,1,1669,1,Male,43,2,2,Sales Executive,2,Divorced,4187,3356,1,Y,Yes,13,3,2,80,1,10,3,2,10,0,0,9,0
30,No,Travel_Frequently,1012,Research & Development,5,4,Life Sciences,1,861,2,Male,75,2,1,Research Scientist,4,Divorced,3761,2373,9,Y,No,12,3,2,80,1,10,3,2,5,4,0,3,0
45,No,Travel_Rarely,1339,Research & Development,7,3,Life Sciences,1,86,2,Male,59,3,3,Research Scientist,1,Divorced,9724,18787,2,Y,No,17,3,3,80,1,25,2,3,1,0,0,0,0
29,No,Travel_Rarely,1401,Research & Development,6,1,Medical,1,1192,2,Female,54,3,1,Laboratory Technician,4,Married,3131,26342,1,Y,No,13,3,1,80,1,10,5,3,10,8,0,8,0
28,No,Travel_Rarely,950,Research & Development,3,3,Medical,1,1121,4,Female,93,3,3,Manufacturing Director,2,Divorced,7655,8039,0,Y,No,17,3,2,80,3,10,3,2,9,7,1,7,0
29,No,Travel_Rarely,441,Research & Development,8,1,Other,1,1544,3,Female,39,1,2,Healthcare Representative,1,Married,9715,7288,3,Y,No,13,3,3,80,1,9,3,3,7,7,0,7,0
44,No,Travel_Rarely,1488,Sales,1,5,Marketing,1,68,2,Female,75,3,2,Sales Executive,1,Divorced,5454,4009,5,Y,Yes,21,4,3,80,1,9,2,2,4,3,1,3,0
37,No,Travel_Rarely,161,Research & Development,10,3,Life Sciences,1,2017,3,Female,42,4,3,Research Director,4,Married,13744,15471,1,Y,Yes,25,4,1,80,1,16,2,3,16,11,6,8,0
40,No,Travel_Rarely,300,Sales,26,3,Marketing,1,1066,3,Male,74,3,2,Sales Executive,1,Married,8396,22217,1,Y,No,14,3,2,80,1,8,3,2,7,7,7,5,0
51,No,Travel_Rarely,1318,Sales,26,4,Marketing,1,851,1,Female,66,3,4,Manager,3,Married,16307,5594,2,Y,No,14,3,3,80,1,29,2,2,20,6,4,17,0
32,No,Travel_Frequently,1311,Research & Development,7,3,Life Sciences,1,359,2,Male,100,4,1,Laboratory Technician,2,Married,2794,26062,1,Y,No,20,4,3,80,0,5,3,1,5,1,0,3,0
48,No,Travel_Rarely,855,Research & Development,4,3,Life Sciences,1,1363,4,Male,54,3,3,Manufacturing Director,4,Single,7898,18706,1,Y,No,11,3,3,80,0,11,2,3,10,9,0,8,0
34,No,Travel_Rarely,258,Sales,21,4,Life Sciences,1,621,4,Male,74,4,2,Sales Executive,4,Single,5337,19921,1,Y,No,12,3,4,80,0,10,3,3,10,7,5,7,0
44,No,Travel_Rarely,661,Research & Development,9,2,Life Sciences,1,913,2,Male,61,3,1,Research Scientist,1,Married,2559,7508,1,Y,Yes,13,3,4,80,0,8,0,3,8,7,7,1,0
38,No,Travel_Rarely,362,Research & Development,1,1,Life Sciences,1,662,3,Female,43,3,1,Research Scientist,1,Single,2619,14561,3,Y,No,17,3,4,80,0,8,3,2,0,0,0,0,0
45,No,Travel_Rarely,561,Sales,2,3,Other,1,606,4,Male,61,3,2,Sales Executive,2,Married,4805,16177,0,Y,No,19,3,2,80,1,9,3,4,8,7,3,7,0
25,No,Travel_Rarely,959,Sales,28,3,Life Sciences,1,183,1,Male,41,2,2,Sales Executive,3,Married,8639,24835,2,Y,No,18,3,4,80,0,6,3,3,2,2,2,2,0
40,No,Travel_Rarely,1342,Sales,9,2,Medical,1,1548,1,Male,47,3,2,Sales Executive,1,Married,5473,19345,0,Y,No,12,3,4,80,0,9,5,4,8,4,7,1,0
28,No,Travel_Rarely,1179,Research & Development,19,4,Medical,1,1216,4,Male,78,2,1,Laboratory Technician,1,Married,3196,12449,1,Y,No,12,3,3,80,3,6,2,3,6,5,3,3,0
40,No,Travel_Rarely,1308,Research & Development,14,3,Medical,1,1128,3,Male,44,2,5,Research Director,3,Single,19626,17544,1,Y,No,14,3,1,80,0,21,2,4,20,7,4,9,0
59,No,Travel_Frequently,1225,Sales,1,1,Life Sciences,1,91,1,Female,57,2,2,Sales Executive,3,Single,5473,24668,7,Y,No,11,3,4,80,0,20,2,2,4,3,1,3,0
31,No,Travel_Frequently,1125,Sales,7,4,Marketing,1,1833,1,Female,68,3,3,Sales Executive,1,Married,9637,8277,2,Y,No,14,3,4,80,2,9,3,3,3,2,2,2,0
29,No,Travel_Rarely,1396,Sales,10,3,Life Sciences,1,749,3,Male,99,3,1,Sales Representative,3,Single,2642,2755,1,Y,No,11,3,3,80,0,1,6,3,1,0,0,0,0
26,No,Travel_Rarely,933,Sales,1,3,Life Sciences,1,476,3,Male,57,3,2,Sales Executive,3,Married,5296,20156,1,Y,No,17,3,2,80,1,8,3,3,8,7,7,7,0
52,No,Non-Travel,715,Research & Development,19,4,Medical,1,791,4,Male,41,3,1,Research Scientist,4,Married,4258,26589,0,Y,No,18,3,1,80,1,5,3,3,4,3,1,2,0
29,No,Travel_Rarely,592,Research & Development,7,3,Life Sciences,1,1883,4,Male,59,3,1,Laboratory Technician,1,Single,2062,19384,3,Y,No,14,3,2,80,0,11,2,3,3,2,1,2,0
45,No,Travel_Rarely,954,Sales,2,2,Technical Degree,1,783,2,Male,46,1,2,Sales Representative,3,Single,6632,12388,0,Y,No,13,3,1,80,0,9,3,3,8,7,3,1,0
30,No,Travel_Rarely,855,Sales,7,4,Marketing,1,1428,4,Female,73,3,2,Sales Executive,1,Divorced,4779,12761,7,Y,No,14,3,2,80,2,8,3,3,3,2,0,2,0
29,No,Travel_Rarely,694,Research & Development,1,3,Life Sciences,1,1264,4,Female,87,2,4,Research Director,4,Divorced,16124,3423,3,Y,No,14,3,2,80,2,9,2,2,7,7,1,7,0
50,No,Travel_Rarely,813,Research & Development,17,5,Life Sciences,1,1656,4,Female,50,2,3,Research Director,1,Divorced,13269,21981,5,Y,No,15,3,3,80,3,19,3,3,14,11,1,11,0
37,No,Travel_Rarely,977,Research & Development,1,3,Life Sciences,1,1196,4,Female,56,2,2,Manufacturing Director,4,Married,6474,9961,1,Y,No,13,3,2,80,1,14,2,2,14,8,3,11,0
27,No,Travel_Rarely,269,Research & Development,5,1,Technical Degree,1,844,3,Male,42,2,3,Research Director,4,Divorced,12808,8842,1,Y,Yes,16,3,2,80,1,9,3,3,9,8,0,8,0
37,No,Travel_Rarely,482,Research & Development,3,3,Other,1,689,3,Male,36,3,3,Manufacturing Director,3,Married,9434,9606,1,Y,No,15,3,3,80,1,10,2,3,10,7,7,8,0
38,No,Travel_Rarely,343,Research & Development,15,2,Life Sciences,1,461,3,Male,92,2,3,Research Director,4,Divorced,11510,15682,0,Y,Yes,14,3,2,80,1,12,3,3,11,10,2,9,0
39,No,Travel_Frequently,766,Sales,20,3,Life Sciences,1,1812,3,Male,83,3,2,Sales Executive,4,Divorced,4127,19188,2,Y,No,18,3,4,80,1,7,6,3,2,1,2,2,0
33,No,Travel_Rarely,931,Research & Development,14,3,Medical,1,252,4,Female,72,3,1,Research Scientist,2,Married,2756,4673,1,Y,No,13,3,4,80,1,8,5,3,8,7,1,6,0
35,No,Non-Travel,1212,Sales,8,2,Marketing,1,1243,3,Female,78,2,3,Sales Executive,4,Married,10377,13755,4,Y,Yes,11,3,2,80,1,16,6,2,13,2,4,12,0
22,No,Travel_Rarely,604,Research & Development,6,1,Medical,1,675,1,Male,69,3,1,Research Scientist,3,Married,2773,12145,0,Y,No,20,4,4,80,0,3,3,3,2,2,2,2,0
34,No,Travel_Rarely,1320,Research & Development,20,3,Technical Degree,1,1265,3,Female,89,4,1,Research Scientist,3,Married,2585,21643,0,Y,No,17,3,4,80,0,2,5,2,1,0,0,0,0
48,No,Travel_Rarely,817,Sales,2,1,Marketing,1,712,2,Male,56,4,2,Sales Executive,2,Married,8120,18597,3,Y,No,12,3,4,80,0,12,3,3,2,2,2,2,0
32,No,Travel_Rarely,1401,Sales,4,2,Life Sciences,1,330,3,Female,56,3,1,Sales Representative,2,Married,3931,20990,2,Y,No,11,3,1,80,1,6,5,3,4,3,1,2,0
28,No,Travel_Rarely,440,Research & Development,21,3,Medical,1,221,3,Male,42,3,1,Research Scientist,4,Married,2713,6672,1,Y,No,11,3,3,80,1,5,2,1,5,2,0,2,0
32,No,Travel_Rarely,548,Research & Development,1,3,Life Sciences,1,96,2,Male,66,3,2,Research Scientist,2,Married,6220,7346,1,Y,No,17,3,2,80,2,10,3,3,10,4,0,9,0
36,No,Travel_Rarely,557,Sales,3,3,Medical,1,2024,1,Female,94,2,3,Sales Executive,4,Married,7644,12695,0,Y,No,19,3,3,80,2,10,2,3,9,7,3,4,0
23,No,Travel_Rarely,885,Research & Development,4,3,Medical,1,705,1,Male,58,4,1,Research Scientist,1,Married,2819,8544,2,Y,No,16,3,1,80,1,5,3,4,3,2,0,2,0
33,No,Travel_Rarely,392,Sales,2,4,Medical,1,1670,4,Male,93,3,2,Sales Executive,4,Divorced,5505,3921,1,Y,No,14,3,3,80,2,6,5,3,6,2,0,4,0
29,No,Travel_Rarely,1389,Research & Development,21,4,Life Sciences,1,20,2,Female,51,4,3,Manufacturing Director,1,Divorced,9980,10195,1,Y,No,11,3,3,80,1,10,1,3,10,9,8,8,0
30,No,Travel_Rarely,1427,Research & Development,2,1,Medical,1,198,2,Male,35,2,1,Laboratory Technician,4,Single,2720,11162,0,Y,No,13,3,4,80,0,6,3,3,5,3,1,2,0
49,No,Travel_Rarely,1261,Research & Development,7,3,Other,1,499,2,Male,31,2,3,Healthcare Representative,3,Single,10965,12066,8,Y,No,24,4,3,80,0,26,2,3,5,2,0,0,0
40,No,Travel_Rarely,1322,Research & Development,2,4,Life Sciences,1,2048,3,Male,52,2,1,Research Scientist,3,Single,2809,2725,2,Y,No,14,3,4,80,0,8,2,3,2,2,2,2,0
47,No,Non-Travel,543,Sales,2,4,Marketing,1,1731,3,Male,87,3,2,Sales Executive,2,Married,4978,3536,7,Y,No,11,3,4,80,1,4,3,1,1,0,0,0,0
35,No,Travel_Frequently,1182,Sales,11,2,Marketing,1,1137,4,Male,54,3,2,Sales Executive,4,Divorced,4968,18500,1,Y,No,11,3,4,80,1,5,3,3,5,2,0,2,0
43,No,Travel_Frequently,957,Research & Development,28,3,Medical,1,171,2,Female,72,4,1,Research Scientist,3,Single,4739,16090,4,Y,No,12,3,4,80,0,18,2,3,3,2,1,2,0
32,No,Travel_Frequently,379,Sales,5,2,Life Sciences,1,889,2,Male,48,3,2,Sales Executive,2,Married,6524,8891,1,Y,No,14,3,4,80,1,10,3,3,10,8,5,3,0
27,No,Travel_Frequently,472,Research & Development,1,1,Technical Degree,1,274,3,Male,60,2,2,Manufacturing Director,1,Married,4298,9679,5,Y,No,19,3,3,80,1,6,1,3,2,2,2,0,0
29,No,Travel_Rarely,1107,Research & Development,28,4,Life Sciences,1,1120,3,Female,93,3,1,Research Scientist,4,Divorced,2514,26968,4,Y,No,22,4,1,80,1,11,1,3,7,5,1,7,0
32,No,Travel_Rarely,234,Sales,1,4,Medical,1,2013,2,Male,68,2,1,Sales Representative,2,Married,2269,18024,0,Y,No,14,3,2,80,1,3,2,3,2,2,2,2,0
32,No,Travel_Rarely,646,Research & Development,9,4,Life Sciences,1,679,1,Female,92,3,2,Research Scientist,4,Married,6322,18089,1,Y,Yes,12,3,4,80,1,6,2,2,6,4,0,5,0
32,No,Travel_Rarely,128,Research & Development,2,1,Technical Degree,1,362,4,Male,84,2,2,Laboratory Technician,1,Single,2176,19737,4,Y,No,13,3,4,80,0,9,5,3,6,2,0,4,0
37,No,Travel_Rarely,671,Research & Development,19,3,Life Sciences,1,1631,3,Male,85,3,2,Manufacturing Director,3,Married,5768,26493,3,Y,No,17,3,1,80,3,9,2,2,4,3,0,2,0
25,No,Travel_Rarely,949,Research & Development,1,3,Technical Degree,1,1415,1,Male,81,3,1,Laboratory Technician,4,Married,3229,4910,4,Y,No,11,3,2,80,1,7,2,2,3,2,0,2,0
47,No,Travel_Rarely,571,Sales,14,3,Medical,1,1503,3,Female,78,3,2,Sales Executive,3,Married,4591,24200,3,Y,Yes,17,3,3,80,1,11,4,2,5,4,1,2,0
37,No,Travel_Rarely,921,Research & Development,10,3,Medical,1,486,3,Female,98,3,1,Laboratory Technician,1,Married,3452,17663,6,Y,No,20,4,2,80,1,17,3,3,5,4,0,3,0
37,No,Travel_Rarely,674,Research & Development,13,3,Medical,1,1543,1,Male,47,3,2,Research Scientist,4,Married,4285,3031,1,Y,No,17,3,1,80,0,10,2,3,10,8,3,7,0
37,No,Travel_Rarely,1017,Research & Development,1,2,Medical,1,340,3,Female,83,2,1,Research Scientist,1,Married,3920,18697,2,Y,No,14,3,1,80,1,17,2,2,3,1,0,2,0
51,No,Travel_Rarely,1178,Sales,14,2,Life Sciences,1,500,3,Female,87,3,2,Sales Executive,4,Married,4936,14862,4,Y,No,11,3,3,80,1,18,2,2,7,7,0,7,0
42,No,Travel_Rarely,1396,Research & Development,6,3,Medical,1,1911,3,Male,83,3,3,Research Director,1,Married,13348,14842,9,Y,No,13,3,2,80,1,18,3,4,13,7,5,7,0
46,No,Travel_Rarely,1003,Research & Development,8,4,Life Sciences,1,1080,4,Female,74,2,2,Research Scientist,1,Divorced,4615,21029,8,Y,Yes,23,4,1,80,3,19,2,3,16,13,1,7,0
28,No,Travel_Rarely,1300,Research & Development,17,2,Medical,1,536,3,Male,79,3,2,Laboratory Technician,1,Divorced,4558,13535,1,Y,No,12,3,4,80,1,10,2,3,10,0,1,8,0
45,No,Travel_Rarely,193,Research & Development,6,4,Other,1,101,4,Male,52,3,3,Research Director,1,Married,13245,15067,4,Y,Yes,14,3,2,80,0,17,3,4,0,0,0,0,0
48,No,Travel_Rarely,715,Research & Development,1,3,Life Sciences,1,1263,4,Male,76,2,5,Research Director,4,Single,18265,8733,6,Y,No,12,3,3,80,0,25,3,4,1,0,0,0,0
35,Yes,Travel_Rarely,104,Research & Development,2,3,Life Sciences,1,1569,1,Female,69,3,1,Laboratory Technician,1,Divorced,2074,26619,1,Y,Yes,12,3,4,80,1,1,2,3,1,0,0,0,1
35,No,Travel_Rarely,219,Research & Development,16,2,Other,1,1886,4,Female,44,2,2,Manufacturing Director,2,Married,4788,25388,0,Y,Yes,11,3,4,80,0,4,2,3,3,2,0,2,0
22,Yes,Travel_Rarely,1294,Research & Development,8,1,Medical,1,1783,3,Female,79,3,1,Laboratory Technician,1,Married,2398,15999,1,Y,Yes,17,3,3,80,0,1,6,3,1,0,0,0,1
36,No,Travel_Rarely,1396,Research & Development,5,2,Life Sciences,1,304,4,Male,62,3,2,Laboratory Technician,2,Single,5914,9945,8,Y,No,16,3,4,80,0,16,3,4,13,11,3,7,0
44,No,Travel_Frequently,602,Human Resources,1,5,Human Resources,1,1642,1,Male,37,3,2,Human Resources,4,Married,5743,10503,4,Y,Yes,11,3,3,80,0,14,3,3,10,7,0,2,0
35,No,Travel_Rarely,1296,Research & Development,5,4,Technical Degree,1,464,3,Male,62,3,3,Manufacturing Director,2,Single,8095,18264,0,Y,No,13,3,4,80,0,17,5,3,16,6,0,13,0
34,No,Travel_Rarely,1303,Research & Development,2,4,Life Sciences,1,579,4,Male,62,2,1,Research Scientist,3,Divorced,2768,8416,3,Y,No,12,3,3,80,1,14,3,3,7,3,5,7,0
45,No,Travel_Rarely,1448,Research & Development,29,3,Technical Degree,1,1465,2,Male,55,3,3,Manufacturing Director,4,Married,9380,14720,4,Y,Yes,18,3,4,80,2,10,4,4,3,1,1,2,0
40,No,Travel_Rarely,616,Research & Development,2,2,Life Sciences,1,1802,3,Female,99,3,1,Laboratory Technician,1,Married,3377,25605,4,Y,No,17,3,4,80,1,7,5,2,4,3,0,2,0
38,Yes,Travel_Rarely,1180,Research & Development,29,1,Medical,1,282,2,Male,70,3,2,Healthcare Representative,1,Married,6673,11354,7,Y,Yes,19,3,2,80,0,17,2,3,1,0,0,0,1
25,Yes,Travel_Rarely,688,Research & Development,3,3,Medical,1,538,1,Male,91,3,1,Laboratory Technician,1,Married,4031,9396,5,Y,No,13,3,3,80,1,6,5,3,2,2,0,2,1
30,Yes,Travel_Frequently,448,Sales,12,4,Life Sciences,1,648,2,Male,74,2,1,Sales Representative,1,Married,2033,14470,1,Y,No,18,3,3,80,1,1,2,4,1,0,0,0,1
31,No,Travel_Rarely,1082,Research & Development,1,4,Medical,1,95,3,Male,87,3,1,Research Scientist,2,Single,2501,18775,1,Y,No,17,3,2,80,0,1,4,3,1,1,1,0,0
18,No,Non-Travel,287,Research & Development,5,2,Life Sciences,1,1012,2,Male,73,3,1,Research Scientist,4,Single,1051,13493,1,Y,No,15,3,4,80,0,0,2,3,0,0,0,0,0
37,No,Travel_Rarely,783,Research & Development,7,4,Medical,1,1885,4,Male,78,3,2,Research Scientist,1,Married,4284,13588,5,Y,Yes,22,4,3,80,1,16,2,3,5,3,0,4,0
42,No,Travel_Frequently,458,Research & Development,26,5,Medical,1,1242,1,Female,60,3,3,Research Director,1,Married,13191,23281,3,Y,Yes,17,3,3,80,0,20,6,3,1,0,0,0,0
32,No,Travel_Frequently,116,Research & Development,13,3,Other,1,1234,3,Female,77,2,1,Laboratory Technician,2,Married,2743,7331,1,Y,No,20,4,3,80,1,2,2,3,2,2,2,2,0
27,No,Travel_Rarely,608,Research & Development,1,2,Life Sciences,1,725,3,Female,68,3,3,Manufacturing Director,1,Married,7412,6009,1,Y,No,11,3,4,80,0,9,3,3,9,7,0,7,0
55,Yes,Travel_Rarely,436,Sales,2,1,Medical,1,842,3,Male,37,3,2,Sales Executive,4,Single,5160,21519,4,Y,No,16,3,3,80,0,12,3,2,9,7,7,3,1
33,No,Travel_Rarely,575,Research & Development,25,3,Life Sciences,1,1545,4,Male,44,2,2,Manufacturing Director,2,Single,4320,24152,1,Y,No,13,3,4,80,0,5,2,3,5,3,0,2,0
35,No,Travel_Frequently,664,Research & Development,1,3,Medical,1,88,2,Male,79,3,1,Research Scientist,1,Married,2194,5868,4,Y,No,13,3,4,80,1,5,2,2,3,2,1,2,0
30,No,Travel_Rarely,852,Sales,10,3,Marketing,1,1179,3,Male,72,2,2,Sales Executive,3,Married,6578,2706,1,Y,No,18,3,1,80,1,10,3,3,10,3,1,4,0
39,No,Non-Travel,792,Research & Development,1,3,Life Sciences,1,1737,4,Male,77,3,2,Laboratory Technician,4,Married,6472,8989,1,Y,Yes,15,3,4,80,1,9,2,3,9,8,5,8,0
26,Yes,Travel_Rarely,1449,Research & Development,16,4,Medical,1,394,1,Male,45,3,1,Laboratory Technician,2,Divorced,2373,14180,2,Y,Yes,13,3,4,80,1,5,2,3,3,2,0,2,1
39,No,Travel_Rarely,116,Research & Development,24,1,Life Sciences,1,2014,1,Male,52,3,2,Research Scientist,4,Single,4108,5340,7,Y,No,13,3,1,80,0,18,2,3,7,7,1,7,0
48,No,Travel_Rarely,1236,Research & Development,1,4,Life Sciences,1,664,4,Female,40,2,4,Manager,1,Married,15402,17997,7,Y,No,11,3,1,80,1,21,3,1,3,2,0,2,0
41,No,Travel_Rarely,802,Sales,9,1,Life Sciences,1,176,3,Male,96,3,3,Sales Executive,3,Divorced,8189,21196,3,Y,Yes,13,3,3,80,1,12,2,3,9,7,0,7,0
38,No,Travel_Rarely,168,Research & Development,1,3,Life Sciences,1,743,3,Female,81,3,3,Manufacturing Director,3,Single,7861,15397,4,Y,Yes,14,3,4,80,0,10,4,4,1,0,0,0,0
30,No,Non-Travel,1398,Sales,22,4,Other,1,567,3,Female,69,3,3,Sales Executive,1,Married,8412,2890,0,Y,No,11,3,3,80,0,10,3,3,9,8,7,8,0
37,No,Travel_Rarely,558,Sales,2,3,Marketing,1,656,4,Male,75,3,2,Sales Executive,3,Married,9602,3010,4,Y,Yes,11,3,3,80,1,17,3,2,3,0,1,0,0
39,Yes,Travel_Rarely,895,Sales,5,3,Technical Degree,1,42,4,Male,56,3,2,Sales Representative,4,Married,2086,3335,3,Y,No,14,3,3,80,1,19,6,4,1,0,0,0,1
31,No,Travel_Rarely,1003,Sales,5,3,Technical Degree,1,1749,1,Male,51,3,2,Sales Executive,3,Married,8346,20943,1,Y,No,19,3,3,80,1,6,3,3,5,2,0,2,0
32,No,Travel_Rarely,1018,Research & Development,2,4,Medical,1,439,1,Female,74,4,2,Research Scientist,4,Single,5055,10557,7,Y,No,16,3,3,80,0,10,0,2,7,7,0,7,0
50,No,Travel_Rarely,1207,Research & Development,28,1,Medical,1,716,4,Male,74,4,1,Laboratory Technician,3,Married,3221,3297,1,Y,Yes,11,3,3,80,3,20,3,3,20,8,3,8,0
37,No,Travel_Rarely,1462,Research & Development,11,3,Medical,1,1411,1,Female,94,3,1,Laboratory Technician,3,Single,3629,19106,4,Y,No,18,3,1,80,0,8,6,3,3,2,0,2,0
35,No,Travel_Rarely,1214,Research & Development,1,3,Medical,1,105,2,Male,30,2,1,Research Scientist,3,Single,2859,26278,1,Y,No,18,3,1,80,0,6,3,3,6,4,0,4,0
29,No,Travel_Rarely,136,Research & Development,1,3,Life Sciences,1,1954,1,Male,89,3,2,Healthcare Representative,1,Married,5373,6225,0,Y,No,12,3,1,80,1,6,5,2,5,3,0,2,0
50,No,Non-Travel,145,Sales,1,3,Life Sciences,1,1040,4,Female,95,3,2,Sales Executive,3,Married,6347,24920,0,Y,No,12,3,1,80,1,19,3,3,18,7,0,13,0
51,No,Travel_Rarely,632,Sales,21,4,Marketing,1,120,3,Male,71,3,2,Sales Executive,4,Single,5441,8423,0,Y,Yes,22,4,4,80,0,11,2,1,10,7,1,0,0
47,No,Travel_Rarely,983,Research & Development,2,2,Medical,1,574,1,Female,65,3,2,Manufacturing Director,4,Divorced,5070,7389,5,Y,No,13,3,3,80,3,20,2,3,5,0,0,4,0
58,No,Travel_Rarely,605,Sales,21,3,Life Sciences,1,1938,4,Female,72,3,4,Manager,4,Married,17875,11761,4,Y,Yes,13,3,3,80,1,29,2,2,1,0,0,0,0
37,Yes,Travel_Rarely,1141,Research & Development,11,2,Medical,1,1033,1,Female,61,1,2,Healthcare Representative,2,Married,4777,14382,5,Y,No,15,3,1,80,0,15,2,1,1,0,0,0,1
51,Yes,Travel_Rarely,1323,Research & Development,4,4,Life Sciences,1,1081,1,Male,34,3,1,Research Scientist,3,Married,2461,10332,9,Y,Yes,12,3,3,80,3,18,2,4,10,0,2,7,1
50,Yes,Travel_Frequently,878,Sales,1,4,Life Sciences,1,2044,2,Male,94,3,2,Sales Executive,3,Divorced,6728,14255,7,Y,No,12,3,4,80,2,12,3,3,6,3,0,1,1
55,No,Travel_Rarely,692,Research & Development,14,4,Medical,1,254,3,Male,61,4,5,Research Director,2,Single,18722,13339,8,Y,No,11,3,4,80,0,36,3,3,24,15,2,15,0
59,No,Travel_Rarely,715,Research & Development,2,3,Life Sciences,1,1032,3,Female,69,2,4,Manufacturing Director,4,Single,13726,21829,3,Y,Yes,13,3,1,80,0,30,4,3,5,3,4,3,0
40,No,Travel_Rarely,898,Human Resources,6,2,Medical,1,1550,3,Male,38,3,4,Manager,4,Single,16437,17381,1,Y,Yes,21,4,4,80,0,21,2,3,21,7,7,7,0
45,No,Travel_Rarely,974,Research & Development,1,4,Medical,1,996,4,Female,91,3,1,Laboratory Technician,4,Divorced,2270,11005,3,Y,No,14,3,4,80,2,8,2,3,5,3,0,2,0
36,Yes,Travel_Rarely,530,Sales,3,1,Life Sciences,1,967,3,Male,51,2,3,Sales Executive,4,Married,10325,5518,1,Y,Yes,11,3,1,80,1,16,6,3,16,7,3,7,1
35,No,Travel_Rarely,1276,Research & Development,16,3,Life Sciences,1,586,4,Male,72,3,3,Healthcare Representative,3,Married,7632,14295,4,Y,Yes,12,3,3,80,0,10,2,3,8,7,0,0,0
45,No,Travel_Frequently,1199,Research & Development,7,4,Life Sciences,1,341,1,Male,77,4,2,Manufacturing Director,3,Married,6434,5118,4,Y,No,17,3,4,80,1,9,1,3,3,2,0,2,0
35,No,Travel_Rarely,144,Research & Development,22,3,Life Sciences,1,577,4,Male,46,1,1,Laboratory Technician,3,Single,4230,19225,0,Y,No,15,3,3,80,0,6,2,3,5,4,4,3,0
36,No,Travel_Rarely,1040,Research & Development,3,2,Life Sciences,1,1664,4,Male,79,4,2,Healthcare Representative,1,Divorced,6842,26308,6,Y,No,20,4,1,80,1,13,3,3,5,4,0,4,0
52,No,Non-Travel,771,Sales,2,4,Life Sciences,1,329,1,Male,79,2,5,Manager,3,Single,19068,21030,1,Y,Yes,18,3,4,80,0,33,2,4,33,7,15,12,0
37,No,Non-Travel,1252,Sales,19,2,Medical,1,904,1,Male,32,3,3,Sales Executive,2,Single,7642,4814,1,Y,Yes,13,3,4,80,0,10,2,3,10,0,0,9,0
35,No,Travel_Rarely,1142,Research & Development,23,4,Medical,1,75,3,Female,30,3,1,Laboratory Technician,1,Married,4014,16002,3,Y,Yes,15,3,3,80,1,4,3,3,2,2,2,2,0
33,Yes,Travel_Rarely,587,Research & Development,10,1,Medical,1,584,1,Male,38,1,1,Laboratory Technician,4,Divorced,3408,6705,7,Y,No,13,3,1,80,3,8,2,3,4,3,1,3,1
36,No,Travel_Rarely,1383,Research & Development,10,3,Life Sciences,1,1790,4,Male,90,3,3,Healthcare Representative,1,Married,8321,25949,7,Y,Yes,13,3,4,80,1,15,1,3,12,8,5,7,0
40,No,Travel_Frequently,791,Research & Development,2,2,Medical,1,807,3,Female,38,4,2,Healthcare Representative,2,Married,4244,9931,1,Y,No,24,4,4,80,1,8,2,3,8,7,3,7,0
29,No,Travel_Rarely,144,Sales,10,1,Marketing,1,463,4,Female,39,2,2,Sales Executive,2,Divorced,8268,11866,1,Y,Yes,14,3,1,80,2,7,2,3,7,7,1,7,0
40,Yes,Non-Travel,1479,Sales,24,3,Life Sciences,1,986,2,Female,100,4,4,Sales Executive,2,Single,13194,17071,4,Y,Yes,16,3,4,80,0,22,2,2,1,0,0,0,1
31,No,Travel_Frequently,853,Research & Development,1,1,Life Sciences,1,1011,3,Female,96,3,2,Manufacturing Director,1,Married,4148,11275,1,Y,No,12,3,3,80,1,4,1,3,4,3,0,3,0
43,No,Travel_Rarely,1273,Research & Development,2,2,Medical,1,46,4,Female,72,4,1,Research Scientist,3,Divorced,2645,21923,1,Y,No,12,3,4,80,2,6,3,2,5,3,1,4,0
31,Yes,Travel_Frequently,534,Research & Development,20,3,Life Sciences,1,587,1,Male,66,3,3,Healthcare Representative,3,Married,9824,22908,3,Y,No,12,3,1,80,0,12,2,3,1,0,0,0,1
46,No,Travel_Rarely,488,Sales,2,3,Technical Degree,1,363,3,Female,75,1,4,Manager,2,Married,16872,14977,3,Y,Yes,12,3,2,80,1,28,2,2,7,7,7,7,0
31,Yes,Non-Travel,335,Research & Development,9,2,Medical,1,991,3,Male,46,2,1,Research Scientist,1,Single,2321,10322,0,Y,Yes,22,4,1,80,0,4,0,3,3,2,1,2,1
30,No,Non-Travel,1116,Research & Development,2,3,Medical,1,571,3,Female,49,3,1,Laboratory Technician,4,Single,2564,7181,0,Y,No,14,3,3,80,0,12,2,2,11,7,6,7,0
50,Yes,Travel_Frequently,562,Sales,8,2,Technical Degree,1,723,2,Male,50,3,2,Sales Executive,3,Married,6796,23452,3,Y,Yes,14,3,1,80,1,18,4,3,4,3,1,3,1
34,No,Non-Travel,999,Research & Development,26,1,Technical Degree,1,1374,1,Female,92,2,1,Research Scientist,3,Divorced,2029,15891,1,Y,No,20,4,3,80,3,5,2,3,5,4,0,0,0
41,No,Travel_Rarely,918,Sales,6,3,Marketing,1,1708,4,Male,35,3,3,Sales Executive,3,Single,9241,15869,1,Y,No,12,3,2,80,0,10,3,3,10,8,8,7,0
34,No,Travel_Rarely,216,Sales,1,4,Marketing,1,1047,2,Male,75,4,2,Sales Executive,4,Divorced,9725,12278,0,Y,No,11,3,4,80,1,16,2,2,15,1,0,9,0
50,No,Travel_Rarely,1322,Research & Development,28,3,Life Sciences,1,1317,4,Female,43,3,4,Research Director,1,Married,16880,22422,4,Y,Yes,11,3,2,80,0,25,2,3,3,2,1,2,0
46,No,Travel_Rarely,717,Research & Development,13,4,Life Sciences,1,1727,3,Male,34,3,2,Healthcare Representative,2,Single,5562,9697,6,Y,No,14,3,4,80,0,19,3,3,10,7,0,9,0
48,No,Travel_Rarely,1221,Sales,7,3,Marketing,1,1466,3,Male,96,3,2,Sales Executive,1,Divorced,5486,24795,4,Y,No,11,3,1,80,3,15,3,3,2,2,2,2,0
35,No,Travel_Rarely,660,Sales,7,1,Life Sciences,1,1492,4,Male,76,3,1,Sales Representative,3,Married,2404,16192,1,Y,No,13,3,1,80,1,1,3,3,1,0,0,0,0
40,No,Travel_Rarely,543,Research & Development,1,4,Life Sciences,1,2012,1,Male,83,3,1,Laboratory Technician,4,Married,2406,4060,8,Y,No,19,3,3,80,2,8,3,2,1,0,0,0,0
33,No,Non-Travel,775,Research & Development,4,3,Technical Degree,1,1771,4,Male,90,3,2,Research Scientist,2,Divorced,3055,6194,5,Y,No,15,3,4,80,2,11,2,2,9,8,1,7,0
53,No,Travel_Rarely,1084,Research & Development,13,2,Medical,1,250,4,Female,57,4,2,Manufacturing Director,1,Divorced,4450,26250,1,Y,No,11,3,3,80,2,5,3,3,4,2,1,3,0
34,No,Non-Travel,697,Research & Development,3,4,Life Sciences,1,1115,3,Male,40,2,1,Research Scientist,4,Married,2979,22478,3,Y,No,17,3,4,80,3,6,2,3,0,0,0,0,0
36,No,Travel_Frequently,541,Sales,3,4,Medical,1,481,1,Male,48,2,3,Sales Executive,4,Married,9699,7246,4,Y,No,11,3,1,80,1,16,2,3,13,9,1,12,0
42,No,Non-Travel,355,Research & Development,10,4,Technical Degree,1,1854,3,Male,38,3,1,Research Scientist,3,Married,2936,6161,3,Y,No,22,4,2,80,2,10,1,2,6,3,3,3,0
32,No,Travel_Frequently,1316,Research & Development,2,2,Life Sciences,1,1235,4,Female,38,3,2,Research Scientist,3,Single,4998,2338,4,Y,Yes,14,3,4,80,0,10,2,3,8,7,0,7,0
47,No,Travel_Frequently,1379,Research & Development,16,4,Medical,1,987,3,Male,64,4,2,Manufacturing Director,3,Divorced,5067,6759,1,Y,Yes,19,3,3,80,0,20,3,4,19,10,2,7,0
29,No,Travel_Rarely,1247,Sales,20,2,Marketing,1,349,4,Male,45,3,2,Sales Executive,4,Divorced,6931,10732,2,Y,No,14,3,4,80,1,10,2,3,3,2,0,2,0
47,No,Travel_Rarely,249,Sales,2,2,Marketing,1,903,3,Female,35,3,2,Sales Executive,4,Married,4537,17783,0,Y,Yes,22,4,1,80,1,8,2,3,7,6,7,7,0
30,No,Travel_Rarely,305,Research & Development,16,3,Life Sciences,1,1763,3,Male,58,4,2,Healthcare Representative,3,Married,5294,9128,3,Y,No,16,3,3,80,1,10,3,3,7,0,1,7,0
48,No,Travel_Rarely,492,Sales,16,4,Life Sciences,1,1557,3,Female,96,3,2,Sales Executive,3,Divorced,6439,13693,8,Y,No,14,3,3,80,1,18,2,3,8,7,7,7,0
40,No,Travel_Rarely,1194,Research & Development,2,4,Medical,1,2051,3,Female,98,3,1,Research Scientist,3,Married,2001,12549,2,Y,No,14,3,2,80,3,20,2,3,5,3,0,2,0
38,No,Travel_Rarely,1495,Research & Development,4,2,Medical,1,1687,4,Female,87,3,1,Laboratory Technician,3,Married,3306,26176,7,Y,No,19,3,4,80,1,7,5,2,0,0,0,0,0
28,Yes,Travel_Rarely,890,Research & Development,2,4,Medical,1,828,3,Male,46,3,1,Research Scientist,3,Single,4382,16374,6,Y,No,17,3,4,80,0,5,3,2,2,2,2,1,1
36,No,Travel_Rarely,913,Research & Development,9,2,Medical,1,699,2,Male,48,2,2,Manufacturing Director,2,Divorced,8847,13934,2,Y,Yes,11,3,3,80,1,13,2,3,3,2,0,2,0
32,No,Travel_Frequently,1005,Research & Development,2,2,Life Sciences,1,8,4,Male,79,3,1,Laboratory Technician,4,Single,3068,11864,0,Y,No,13,3,3,80,0,8,2,2,7,7,3,6,0
28,No,Travel_Rarely,895,Research & Development,15,2,Life Sciences,1,1102,1,Male,50,3,1,Laboratory Technician,3,Divorced,2207,22482,1,Y,No,16,3,4,80,1,4,5,2,4,2,2,2,0
42,No,Travel_Frequently,1368,Research & Development,28,4,Technical Degree,1,551,4,Female,88,2,2,Healthcare Representative,4,Married,4523,4386,0,Y,No,11,3,4,80,3,7,4,4,6,5,0,4,0
39,No,Travel_Frequently,945,Research & Development,22,3,Medical,1,1043,4,Female,82,3,3,Manufacturing Director,1,Single,10880,5083,1,Y,Yes,13,3,3,80,0,21,2,3,21,6,2,8,0
50,No,Travel_Rarely,854,Sales,1,4,Medical,1,323,4,Female,68,3,5,Manager,4,Divorced,19517,24118,3,Y,No,11,3,3,80,1,32,3,2,7,0,0,6,0
42,Yes,Travel_Frequently,933,Research & Development,19,3,Medical,1,752,3,Male,57,4,1,Research Scientist,3,Divorced,2759,20366,6,Y,Yes,12,3,4,80,0,7,2,3,2,2,2,2,1
54,No,Travel_Rarely,971,Research & Development,1,3,Medical,1,1422,4,Female,54,3,4,Research Director,4,Single,17328,5652,6,Y,No,19,3,4,80,0,29,3,2,20,7,12,7,0
37,Yes,Travel_Rarely,807,Human Resources,6,4,Human Resources,1,133,3,Male,63,3,1,Human Resources,1,Divorced,2073,23648,4,Y,Yes,22,4,4,80,0,7,3,3,3,2,0,2,1
38,No,Travel_Frequently,1444,Human Resources,1,4,Other,1,1972,4,Male,88,3,1,Human Resources,2,Married,2991,5224,0,Y,Yes,11,3,2,80,1,7,2,3,6,2,1,2,0
49,No,Travel_Rarely,470,Research & Development,20,4,Medical,1,170,3,Female,96,3,2,Manufacturing Director,1,Married,6567,5549,1,Y,No,14,3,3,80,0,16,2,2,15,11,5,11,0
36,Yes,Travel_Rarely,1456,Sales,13,5,Marketing,1,1733,2,Male,96,2,2,Sales Executive,1,Divorced,6134,8658,5,Y,Yes,13,3,2,80,3,16,3,3,2,2,2,2,1
56,No,Non-Travel,667,Research & Development,1,4,Life Sciences,1,2026,3,Male,57,3,2,Healthcare Representative,3,Divorced,6306,26236,1,Y,No,21,4,1,80,1,13,2,2,13,12,1,9,0
33,Yes,Travel_Rarely,1277,Research & Development,15,1,Medical,1,582,2,Male,56,3,3,Manager,3,Married,13610,24619,7,Y,Yes,12,3,4,80,0,15,2,4,7,6,7,7,1
38,No,Travel_Rarely,1261,Research & Development,2,4,Life Sciences,1,271,4,Male,88,3,2,Manufacturing Director,3,Married,6553,7259,9,Y,No,14,3,2,80,0,14,3,3,1,0,0,0,0
34,Yes,Travel_Frequently,988,Human Resources,23,3,Human Resources,1,590,2,Female,43,3,3,Human Resources,1,Divorced,9950,11533,9,Y,Yes,15,3,3,80,3,11,2,3,3,2,0,2,1
39,No,Travel_Frequently,505,Research & Development,2,4,Technical Degree,1,343,3,Female,64,3,3,Healthcare Representative,3,Single,10938,6420,0,Y,No,25,4,4,80,0,20,1,3,19,6,11,8,0
33,No,Travel_Frequently,1146,Sales,25,3,Medical,1,1220,2,Female,82,3,2,Sales Executive,3,Married,4539,4905,1,Y,No,12,3,1,80,1,10,3,2,10,7,0,1,0
38,No,Travel_Rarely,1333,Research & Development,1,3,Technical Degree,1,950,4,Female,80,3,3,Research Director,1,Married,13582,16292,1,Y,No,13,3,2,80,1,15,3,3,15,12,5,11,0
38,No,Travel_Rarely,1206,Research & Development,9,2,Life Sciences,1,1940,2,Male,71,3,1,Research Scientist,4,Divorced,4771,14293,2,Y,No,19,3,4,80,2,10,0,4,5,2,0,3,0
34,No,Travel_Rarely,1397,Research & Development,1,5,Life Sciences,1,683,2,Male,42,3,1,Research Scientist,4,Married,2691,7660,1,Y,No,12,3,4,80,1,10,4,2,10,9,8,8,0
41,No,Travel_Rarely,447,Research & Development,5,3,Life Sciences,1,1814,2,Male,85,4,2,Healthcare Representative,2,Single,6870,15530,3,Y,No,12,3,1,80,0,11,3,1,3,2,1,2,0
18,Yes,Travel_Frequently,544,Sales,3,2,Medical,1,1624,2,Female,70,3,1,Sales Representative,4,Single,1569,18420,1,Y,Yes,12,3,3,80,0,0,2,4,0,0,0,0,1
20,No,Travel_Rarely,654,Sales,21,3,Marketing,1,1226,3,Male,43,4,1,Sales Representative,4,Single,2678,5050,1,Y,No,17,3,4,80,0,2,2,3,2,1,2,2,0
54,No,Travel_Rarely,821,Research & Development,5,2,Medical,1,522,1,Male,86,3,5,Research Director,1,Married,19406,8509,4,Y,No,11,3,3,80,1,24,4,2,4,2,1,2,0
40,No,Travel_Rarely,1171,Research & Development,10,4,Life Sciences,1,483,4,Female,46,4,1,Laboratory Technician,3,Married,2213,22495,3,Y,Yes,13,3,3,80,1,10,3,3,7,7,1,7,0
40,Yes,Travel_Rarely,1329,Research & Development,7,3,Life Sciences,1,1649,1,Male,73,3,1,Laboratory Technician,1,Single,2166,3339,3,Y,Yes,14,3,2,80,0,10,3,1,4,2,0,3,1
37,No,Travel_Rarely,1189,Sales,3,3,Life Sciences,1,152,3,Male,87,3,3,Sales Executive,4,Single,7428,14506,2,Y,No,12,3,1,80,0,12,3,3,5,3,1,3,0
36,No,Travel_Frequently,607,Sales,7,3,Marketing,1,1362,1,Female,83,4,2,Sales Executive,1,Married,4639,2261,2,Y,No,16,3,4,80,1,17,2,2,15,7,6,13,0
42,No,Travel_Rarely,265,Sales,5,2,Marketing,1,1029,4,Male,90,3,5,Manager,3,Married,18303,7770,6,Y,No,13,3,2,80,0,21,3,4,1,0,0,0,0
58,No,Travel_Rarely,848,Research & Development,23,4,Life Sciences,1,1308,1,Male,88,3,1,Research Scientist,3,Divorced,2372,26076,1,Y,No,12,3,4,80,2,2,3,3,2,2,2,2,0
30,No,Travel_Frequently,1312,Research & Development,23,3,Life Sciences,1,159,1,Male,96,1,1,Research Scientist,3,Divorced,2613,22310,1,Y,No,25,4,3,80,3,10,2,2,10,7,0,9,0
27,No,Travel_Frequently,793,Sales,2,1,Life Sciences,1,1371,4,Male,43,1,2,Sales Executive,4,Single,5071,20392,3,Y,No,20,4,2,80,0,8,3,3,6,2,0,0,0
20,No,Travel_Rarely,959,Research & Development,1,3,Life Sciences,1,657,4,Female,83,2,1,Research Scientist,2,Single,2836,11757,1,Y,No,13,3,4,80,0,1,0,4,1,0,0,0,0
35,No,Travel_Rarely,670,Research & Development,10,4,Medical,1,1587,1,Female,51,3,2,Healthcare Representative,3,Single,6142,4223,3,Y,Yes,16,3,3,80,0,10,4,3,5,2,0,4,0
40,No,Travel_Rarely,444,Sales,2,2,Marketing,1,1986,2,Female,92,3,2,Sales Executive,2,Married,5677,4258,3,Y,No,14,3,3,80,1,15,4,3,11,8,5,10,0
32,No,Travel_Rarely,427,Research & Development,1,3,Medical,1,78,1,Male,33,3,2,Manufacturing Director,4,Married,6162,10877,1,Y,Yes,22,4,2,80,1,9,3,3,9,8,7,8,0
35,No,Travel_Rarely,464,Research & Development,4,2,Other,1,53,3,Male,75,3,1,Laboratory Technician,4,Divorced,1951,10910,1,Y,No,12,3,3,80,1,1,3,3,1,0,0,0,0
31,No,Travel_Rarely,670,Research & Development,26,1,Life Sciences,1,16,1,Male,31,3,1,Research Scientist,3,Divorced,2911,15170,1,Y,No,17,3,4,80,1,5,1,2,5,2,4,3,0
52,Yes,Travel_Rarely,1030,Sales,5,3,Life Sciences,1,1319,2,Male,64,3,3,Sales Executive,2,Single,8446,21534,9,Y,Yes,19,3,3,80,0,10,2,2,8,7,7,7,1
27,No,Non-Travel,1450,Research & Development,3,3,Medical,1,224,3,Male,79,2,1,Research Scientist,3,Divorced,2566,25326,1,Y,Yes,15,3,4,80,1,1,2,2,1,1,0,1,0
31,Yes,Travel_Frequently,754,Sales,26,4,Marketing,1,1967,1,Male,63,3,2,Sales Executive,4,Married,5617,21075,1,Y,Yes,11,3,3,80,0,10,4,3,10,7,0,8,1
46,No,Non-Travel,1144,Research & Development,7,4,Medical,1,487,3,Female,30,3,2,Manufacturing Director,3,Married,5258,16044,2,Y,No,14,3,3,80,0,7,2,4,1,0,0,0,0
36,No,Non-Travel,894,Research & Development,1,4,Medical,1,1662,4,Female,33,2,2,Manufacturing Director,3,Married,4374,15411,0,Y,No,15,3,3,80,0,4,6,3,3,2,1,2,0
42,No,Travel_Rarely,419,Sales,12,4,Marketing,1,1943,2,Male,77,3,2,Sales Executive,4,Divorced,5087,2900,3,Y,Yes,12,3,3,80,2,14,4,3,0,0,0,0,0
55,No,Travel_Rarely,189,Human Resources,26,4,Human Resources,1,1973,3,Male,71,4,5,Manager,2,Married,19636,25811,4,Y,Yes,18,3,1,80,1,35,0,3,10,9,1,4,0
34,No,Travel_Rarely,970,Research & Development,8,2,Medical,1,757,2,Female,96,3,2,Healthcare Representative,3,Single,6142,7360,3,Y,No,11,3,4,80,0,10,2,3,5,1,4,3,0
26,No,Travel_Frequently,921,Research & Development,1,1,Medical,1,1068,1,Female,66,2,1,Research Scientist,3,Divorced,2007,25265,1,Y,No,13,3,3,80,2,5,5,3,5,3,1,3,0
23,No,Travel_Rarely,977,Research & Development,10,3,Technical Degree,1,1592,4,Male,45,4,1,Research Scientist,3,Married,2073,12826,2,Y,No,16,3,4,80,1,4,2,3,2,2,2,2,0
20,Yes,Travel_Rarely,1362,Research & Development,10,1,Medical,1,701,4,Male,32,3,1,Research Scientist,3,Single,1009,26999,1,Y,Yes,11,3,4,80,0,1,5,3,1,0,1,1,1
40,Yes,Travel_Rarely,676,Research & Development,9,4,Life Sciences,1,1534,4,Male,86,3,1,Laboratory Technician,1,Single,2018,21831,3,Y,No,14,3,2,80,0,15,3,1,5,4,1,0,1
33,No,Travel_Rarely,1242,Sales,8,4,Life Sciences,1,1560,1,Male,46,3,2,Sales Executive,1,Married,6392,10589,2,Y,No,13,3,4,80,1,8,6,1,2,2,2,2,0
42,No,Non-Travel,495,Research & Development,2,1,Life Sciences,1,1334,3,Male,37,3,4,Manager,3,Married,17861,26582,0,Y,Yes,13,3,4,80,0,21,3,2,20,8,2,10,0
39,No,Travel_Rarely,117,Research & Development,10,1,Medical,1,429,3,Male,99,3,4,Manager,1,Married,17068,5355,1,Y,Yes,14,3,4,80,0,21,3,3,21,9,11,10,0
26,Yes,Non-Travel,265,Sales,29,2,Medical,1,1037,2,Male,79,1,2,Sales Executive,1,Single,4969,21813,8,Y,No,18,3,4,80,0,7,6,3,2,2,2,2,1
35,No,Travel_Rarely,672,Research & Development,25,3,Technical Degree,1,899,4,Male,78,2,3,Manufacturing Director,2,Married,10903,9129,3,Y,No,16,3,1,80,0,16,2,3,13,10,4,8,0
28,No,Travel_Rarely,640,Research & Development,1,3,Technical Degree,1,1301,4,Male,84,3,1,Research Scientist,1,Single,2080,4732,2,Y,No,11,3,2,80,0,5,2,2,3,2,1,2,0
31,No,Travel_Rarely,828,Sales,2,1,Life Sciences,1,604,2,Male,77,3,2,Sales Executive,4,Single,6582,8346,4,Y,Yes,13,3,3,80,0,10,2,4,6,5,0,5,0
31,No,Travel_Rarely,1112,Sales,5,4,Life Sciences,1,1673,1,Female,67,3,2,Sales Executive,4,Married,5476,22589,1,Y,No,11,3,1,80,2,10,2,3,10,0,0,2,0
43,No,Travel_Frequently,1422,Sales,2,4,Life Sciences,1,1849,1,Male,92,3,2,Sales Executive,4,Married,5675,19246,1,Y,No,20,4,3,80,1,7,5,3,7,7,7,7,0
30,No,Travel_Rarely,1082,Sales,12,3,Technical Degree,1,533,2,Female,83,3,2,Sales Executive,3,Single,6577,19558,0,Y,No,11,3,2,80,0,6,6,3,5,4,4,4,0
28,No,Travel_Frequently,467,Sales,7,3,Life Sciences,1,1507,3,Male,55,3,2,Sales Executive,1,Single,4898,11827,0,Y,No,14,3,4,80,0,5,5,3,4,2,1,3,0
42,No,Travel_Rarely,201,Research & Development,1,4,Life Sciences,1,517,2,Female,95,3,1,Laboratory Technician,1,Divorced,2576,20490,3,Y,No,16,3,2,80,1,8,5,3,5,2,1,2,0
30,No,Travel_Rarely,1329,Sales,29,4,Life Sciences,1,1211,3,Male,61,3,2,Sales Executive,1,Divorced,4115,13192,8,Y,No,19,3,3,80,3,8,3,3,4,3,0,3,0
27,No,Travel_Rarely,199,Research & Development,6,3,Life Sciences,1,1162,4,Male,55,2,1,Research Scientist,3,Married,2539,7950,1,Y,No,13,3,3,80,1,4,0,3,4,2,2,2,0
35,No,Travel_Rarely,750,Research & Development,28,3,Life Sciences,1,1596,2,Male,46,4,2,Laboratory Technician,3,Married,3407,25348,1,Y,No,17,3,4,80,2,10,3,2,10,9,6,8,0
31,No,Travel_Rarely,616,Research & Development,12,3,Medical,1,961,4,Female,41,3,2,Healthcare Representative,4,Married,5855,17369,0,Y,Yes,11,3,3,80,2,10,2,1,9,7,8,5,0
55,No,Travel_Rarely,1311,Research & Development,2,3,Life Sciences,1,505,3,Female,97,3,4,Manager,4,Single,16659,23258,2,Y,Yes,13,3,3,80,0,30,2,3,5,4,1,2,0
33,No,Travel_Rarely,461,Research & Development,13,1,Life Sciences,1,995,2,Female,53,3,1,Research Scientist,4,Single,3452,17241,3,Y,No,18,3,1,80,0,5,4,3,3,2,0,2,0
46,No,Travel_Frequently,638,Research & Development,1,3,Medical,1,124,3,Male,40,2,3,Healthcare Representative,1,Married,10673,3142,2,Y,Yes,13,3,3,80,1,21,5,2,10,9,9,5,0
43,No,Travel_Rarely,177,Research & Development,8,3,Life Sciences,1,920,1,Female,55,3,2,Manufacturing Director,2,Divorced,4765,23814,4,Y,No,21,4,3,80,1,4,2,4,1,0,0,0,0
35,No,Travel_Frequently,944,Sales,1,3,Marketing,1,314,3,Female,92,3,3,Sales Executive,3,Single,8789,9096,1,Y,No,14,3,1,80,0,10,3,4,10,7,0,8,0
25,No,Non-Travel,675,Research & Development,5,2,Life Sciences,1,369,2,Male,85,4,2,Healthcare Representative,1,Divorced,4000,18384,1,Y,No,12,3,4,80,2,6,2,3,6,3,1,5,0
34,No,Travel_Rarely,182,Research & Development,1,4,Life Sciences,1,797,2,Female,72,4,1,Research Scientist,4,Single,3280,13551,2,Y,No,16,3,3,80,0,10,2,3,4,2,1,3,0
34,No,Travel_Rarely,131,Sales,2,3,Marketing,1,1281,3,Female,86,3,2,Sales Executive,1,Single,4538,6039,0,Y,Yes,12,3,4,80,0,4,3,3,3,2,0,2,0
55,No,Travel_Rarely,1136,Research & Development,1,4,Medical,1,1424,2,Male,81,4,4,Research Director,4,Divorced,14732,12414,2,Y,No,13,3,4,80,2,31,4,4,7,7,0,0,0
28,No,Travel_Rarely,1117,Research & Development,8,2,Life Sciences,1,395,4,Female,66,3,1,Research Scientist,4,Single,3310,4488,1,Y,No,21,4,4,80,0,5,3,3,5,3,0,2,0
24,No,Travel_Rarely,506,Research & Development,29,1,Medical,1,1725,2,Male,91,3,1,Laboratory Technician,1,Divorced,3907,3622,1,Y,No,13,3,2,80,3,6,2,4,6,2,1,2,0
52,No,Travel_Rarely,1325,Research & Development,11,4,Life Sciences,1,813,4,Female,82,3,2,Laboratory Technician,3,Married,3149,21821,8,Y,No,20,4,2,80,1,9,3,3,5,2,1,4,0
32,No,Travel_Rarely,498,Research & Development,3,4,Medical,1,966,3,Female,93,3,2,Manufacturing Director,1,Married,6725,13554,1,Y,No,12,3,3,80,1,8,2,4,8,7,6,3,0
31,Yes,Travel_Rarely,1079,Sales,16,4,Marketing,1,1761,1,Male,70,3,3,Sales Executive,3,Married,8161,19002,2,Y,No,13,3,1,80,3,10,2,3,1,0,0,0,1
36,No,Travel_Rarely,1223,Research & Development,8,3,Technical Degree,1,83,3,Female,59,3,3,Healthcare Representative,3,Divorced,10096,8202,1,Y,No,13,3,2,80,3,17,2,3,17,14,12,8,0
35,Yes,Travel_Rarely,556,Research & Development,23,2,Life Sciences,1,261,2,Male,50,2,2,Manufacturing Director,3,Married,5916,15497,3,Y,Yes,13,3,1,80,0,8,1,3,1,0,0,1,1
35,No,Travel_Rarely,607,Research & Development,9,3,Life Sciences,1,880,4,Female,66,2,3,Manufacturing Director,3,Married,10685,23457,1,Y,Yes,20,4,2,80,1,17,2,3,17,14,5,15,0
41,No,Travel_Rarely,483,Research & Development,6,3,Medical,1,466,4,Male,95,2,2,Manufacturing Director,2,Single,6032,10110,6,Y,Yes,15,3,4,80,0,8,3,3,5,4,1,2,0
54,No,Travel_Frequently,966,Research & Development,1,4,Life Sciences,1,1245,4,Female,53,3,3,Manufacturing Director,3,Divorced,10502,9659,7,Y,No,17,3,1,80,1,33,2,1,5,4,1,4,0
32,No,Travel_Rarely,1062,Research & Development,2,3,Medical,1,471,3,Female,75,3,1,Laboratory Technician,2,Married,2370,3956,1,Y,No,13,3,3,80,1,8,4,3,8,0,0,7,0
33,No,Travel_Frequently,1303,Research & Development,7,2,Life Sciences,1,1970,4,Male,36,3,2,Healthcare Representative,3,Divorced,5968,18079,1,Y,No,20,4,3,80,3,9,2,3,9,7,2,8,0
